{"provinces":[{"i":1,"n":"北京","cities":[{"i":1,"n":"北京市","areas":[{"i":1,"n":"东城区"},{"i":2,"n":"西城区"},{"i":3,"n":"崇文区"},{"i":4,"n":"宣武区"},{"i":5,"n":"朝阳区"},{"i":6,"n":"丰台区"},{"i":7,"n":"石景山区"},{"i":8,"n":"海淀区"},{"i":9,"n":"门头沟区"},{"i":10,"n":"房山区"},{"i":11,"n":"通州区"},{"i":12,"n":"顺义区"},{"i":13,"n":"昌平区"},{"i":14,"n":"大兴区"},{"i":15,"n":"怀柔区"},{"i":16,"n":"平谷区"},{"i":17,"n":"密云县"},{"i":18,"n":"延庆县"}]}]},{"i":2,"n":"上海","cities":[{"i":2,"n":"上海市","areas":[{"i":19,"n":"黄浦区"},{"i":20,"n":"卢湾区"},{"i":21,"n":"徐汇区"},{"i":22,"n":"长宁区"},{"i":23,"n":"静安区"},{"i":24,"n":"普陀区"},{"i":25,"n":"闸北区"},{"i":26,"n":"虹口区"},{"i":27,"n":"杨浦区"},{"i":28,"n":"闵行区"},{"i":29,"n":"宝山区"},{"i":30,"n":"嘉定区"},{"i":31,"n":"浦东新区"},{"i":32,"n":"金山区"},{"i":33,"n":"松江区"},{"i":34,"n":"青浦区"},{"i":35,"n":"奉贤区"},{"i":36,"n":"崇明县"}]}]},{"i":3,"n":"天津","cities":[{"i":3,"n":"天津市","areas":[{"i":37,"n":"和平区"},{"i":38,"n":"河东区"},{"i":39,"n":"河西区"},{"i":40,"n":"南开区"},{"i":41,"n":"河北区"},{"i":42,"n":"红桥区"},{"i":43,"n":"东丽区"},{"i":44,"n":"西青区"},{"i":45,"n":"津南区"},{"i":46,"n":"北辰区"},{"i":47,"n":"武清区"},{"i":48,"n":"宝坻区"},{"i":49,"n":"滨海新区"},{"i":50,"n":"宁河县"},{"i":51,"n":"静海县"},{"i":52,"n":"蓟县"}]}]},{"i":4,"n":"重庆","cities":[{"i":4,"n":"重庆市","areas":[{"i":53,"n":"万州区"},{"i":54,"n":"涪陵区"},{"i":55,"n":"渝中区"},{"i":56,"n":"大渡口区"},{"i":57,"n":"江北区"},{"i":58,"n":"沙坪坝区"},{"i":59,"n":"九龙坡区"},{"i":60,"n":"南岸区"},{"i":61,"n":"北碚区"},{"i":62,"n":"万盛区"},{"i":63,"n":"双桥区"},{"i":64,"n":"渝北区"},{"i":65,"n":"巴南区"},{"i":66,"n":"黔江区"},{"i":67,"n":"长寿区"},{"i":68,"n":"江津区"},{"i":69,"n":"合川区"},{"i":70,"n":"永川区"},{"i":71,"n":"南川区"},{"i":72,"n":"綦江县"},{"i":73,"n":"潼南县"},{"i":74,"n":"铜梁县"},{"i":75,"n":"大足县"},{"i":76,"n":"荣昌县"},{"i":77,"n":"璧山县"},{"i":78,"n":"梁平县"},{"i":79,"n":"城口县"},{"i":80,"n":"丰都县"},{"i":81,"n":"垫江县"},{"i":82,"n":"武隆县"},{"i":83,"n":"忠县"},{"i":84,"n":"开县"},{"i":85,"n":"云阳县"},{"i":86,"n":"奉节县"},{"i":87,"n":"巫山县"},{"i":88,"n":"巫溪县"},{"i":89,"n":"石柱土家族自治县"},{"i":90,"n":"秀山土家族苗族自治县"},{"i":91,"n":"酉阳土家族苗族自治县"},{"i":92,"n":"彭水苗族土家族自治县"}]}]},{"i":5,"n":"黑龙江","cities":[{"i":5,"n":"哈尔滨市","areas":[{"i":93,"n":"道里区"},{"i":94,"n":"南岗区"},{"i":95,"n":"道外区"},{"i":96,"n":"平房区"},{"i":97,"n":"松北区"},{"i":98,"n":"香坊区"},{"i":99,"n":"呼兰区"},{"i":100,"n":"阿城区"},{"i":101,"n":"依兰县"},{"i":102,"n":"方正县"},{"i":103,"n":"宾县"},{"i":104,"n":"巴彦县"},{"i":105,"n":"木兰县"},{"i":106,"n":"通河县"},{"i":107,"n":"延寿县"},{"i":108,"n":"双城市"},{"i":109,"n":"尚志市"},{"i":110,"n":"五常市"}]},{"i":6,"n":"齐齐哈尔市","areas":[{"i":111,"n":"龙沙区"},{"i":112,"n":"建华区"},{"i":113,"n":"铁锋区"},{"i":114,"n":"昂昂溪区"},{"i":115,"n":"富拉尔基区"},{"i":116,"n":"碾子山区"},{"i":117,"n":"梅里斯达斡尔族区"},{"i":118,"n":"龙江县"},{"i":119,"n":"依安县"},{"i":120,"n":"泰来县"},{"i":121,"n":"甘南县"},{"i":122,"n":"富裕县"},{"i":123,"n":"克山县"},{"i":124,"n":"克东县"},{"i":125,"n":"拜泉县"},{"i":126,"n":"讷河市"}]},{"i":7,"n":"鸡西市","areas":[{"i":127,"n":"鸡冠区"},{"i":128,"n":"恒山区"},{"i":129,"n":"滴道区"},{"i":130,"n":"梨树区"},{"i":131,"n":"城子河区"},{"i":132,"n":"麻山区"},{"i":133,"n":"鸡东县"},{"i":134,"n":"虎林市"},{"i":135,"n":"密山市"}]},{"i":8,"n":"鹤岗市","areas":[{"i":136,"n":"向阳区"},{"i":137,"n":"工农区"},{"i":138,"n":"南山区"},{"i":139,"n":"兴安区"},{"i":140,"n":"东山区"},{"i":141,"n":"兴山区"},{"i":142,"n":"萝北县"},{"i":143,"n":"绥滨县"}]},{"i":9,"n":"双鸭山市","areas":[{"i":144,"n":"尖山区"},{"i":145,"n":"岭东区"},{"i":146,"n":"四方台区"},{"i":147,"n":"宝山区"},{"i":148,"n":"集贤县"},{"i":149,"n":"友谊县"},{"i":150,"n":"宝清县"},{"i":151,"n":"饶河县"}]},{"i":10,"n":"大庆市","areas":[{"i":152,"n":"萨尔图区"},{"i":153,"n":"龙凤区"},{"i":154,"n":"让胡路区"},{"i":155,"n":"红岗区"},{"i":156,"n":"大同区"},{"i":157,"n":"肇州县"},{"i":158,"n":"肇源县"},{"i":159,"n":"林甸县"},{"i":160,"n":"杜尔伯特蒙古族自治县"}]},{"i":11,"n":"伊春市","areas":[{"i":161,"n":"伊春区"},{"i":162,"n":"南岔区"},{"i":163,"n":"友好区"},{"i":164,"n":"西林区"},{"i":165,"n":"翠峦区"},{"i":166,"n":"新青区"},{"i":167,"n":"美溪区"},{"i":168,"n":"金山屯区"},{"i":169,"n":"五营区"},{"i":170,"n":"乌马河区"},{"i":171,"n":"汤旺河区"},{"i":172,"n":"带岭区"},{"i":173,"n":"乌伊岭区"},{"i":174,"n":"红星区"},{"i":175,"n":"上甘岭区"},{"i":176,"n":"嘉荫县"},{"i":177,"n":"铁力市"}]},{"i":12,"n":"佳木斯市","areas":[{"i":178,"n":"向阳区"},{"i":179,"n":"前进区"},{"i":180,"n":"东风区"},{"i":181,"n":"郊区"},{"i":182,"n":"桦南县"},{"i":183,"n":"桦川县"},{"i":184,"n":"汤原县"},{"i":185,"n":"抚远县"},{"i":186,"n":"同江市"},{"i":187,"n":"富锦市"}]},{"i":13,"n":"七台河市","areas":[{"i":188,"n":"新兴区"},{"i":189,"n":"桃山区"},{"i":190,"n":"茄子河区"},{"i":191,"n":"勃利县"}]},{"i":14,"n":"牡丹江市","areas":[{"i":192,"n":"东安区"},{"i":193,"n":"阳明区"},{"i":194,"n":"爱民区"},{"i":195,"n":"西安区"},{"i":196,"n":"东宁县"},{"i":197,"n":"林口县"},{"i":198,"n":"绥芬河市"},{"i":199,"n":"海林市"},{"i":200,"n":"宁安市"},{"i":201,"n":"穆棱市"}]},{"i":15,"n":"黑河市","areas":[{"i":202,"n":"爱辉区"},{"i":203,"n":"嫩江县"},{"i":204,"n":"逊克县"},{"i":205,"n":"孙吴县"},{"i":206,"n":"北安市"},{"i":207,"n":"五大连池市"}]},{"i":16,"n":"绥化市","areas":[{"i":208,"n":"北林区"},{"i":209,"n":"望奎县"},{"i":210,"n":"兰西县"},{"i":211,"n":"青冈县"},{"i":212,"n":"庆安县"},{"i":213,"n":"明水县"},{"i":214,"n":"绥棱县"},{"i":215,"n":"安达市"},{"i":216,"n":"肇东市"},{"i":217,"n":"海伦市"}]},{"i":17,"n":"大兴安岭地区","areas":[{"i":218,"n":"加格达奇区"},{"i":219,"n":"松岭区"},{"i":220,"n":"新林区"},{"i":221,"n":"呼中区"},{"i":222,"n":"呼玛县"},{"i":223,"n":"塔河县"},{"i":224,"n":"漠河县"}]}]},{"i":6,"n":"吉林","cities":[{"i":18,"n":"长春市","areas":[{"i":225,"n":"南关区"},{"i":226,"n":"宽城区"},{"i":227,"n":"朝阳区"},{"i":228,"n":"二道区"},{"i":229,"n":"绿园区"},{"i":230,"n":"双阳区"},{"i":231,"n":"农安县"},{"i":232,"n":"九台市"},{"i":233,"n":"榆树市"},{"i":234,"n":"德惠市"}]},{"i":19,"n":"吉林市","areas":[{"i":235,"n":"昌邑区"},{"i":236,"n":"龙潭区"},{"i":237,"n":"船营区"},{"i":238,"n":"丰满区"},{"i":239,"n":"永吉县"},{"i":240,"n":"蛟河市"},{"i":241,"n":"桦甸市"},{"i":242,"n":"舒兰市"},{"i":243,"n":"磐石市"}]},{"i":20,"n":"四平市","areas":[{"i":244,"n":"铁西区"},{"i":245,"n":"铁东区"},{"i":246,"n":"梨树县"},{"i":247,"n":"伊通满族自治县"},{"i":248,"n":"公主岭市"},{"i":249,"n":"双辽市"}]},{"i":21,"n":"辽源市","areas":[{"i":250,"n":"龙山区"},{"i":251,"n":"西安区"},{"i":252,"n":"东丰县"},{"i":253,"n":"东辽县"}]},{"i":22,"n":"通化市","areas":[{"i":254,"n":"东昌区"},{"i":255,"n":"二道江区"},{"i":256,"n":"通化县"},{"i":257,"n":"辉南县"},{"i":258,"n":"柳河县"},{"i":259,"n":"梅河口市"},{"i":260,"n":"集安市"}]},{"i":23,"n":"白山市","areas":[{"i":261,"n":"八道江区"},{"i":262,"n":"江源区"},{"i":263,"n":"抚松县"},{"i":264,"n":"靖宇县"},{"i":265,"n":"长白朝鲜族自治县"},{"i":266,"n":"临江市"}]},{"i":24,"n":"松原市","areas":[{"i":267,"n":"宁江区"},{"i":268,"n":"前郭尔罗斯蒙古族自治县"},{"i":269,"n":"长岭县"},{"i":270,"n":"乾安县"},{"i":271,"n":"扶余县"}]},{"i":25,"n":"白城市","areas":[{"i":272,"n":"洮北区"},{"i":273,"n":"镇赉县"},{"i":274,"n":"通榆县"},{"i":275,"n":"洮南市"},{"i":276,"n":"大安市"}]},{"i":26,"n":"延边朝鲜族自治州","areas":[{"i":277,"n":"延吉市"},{"i":278,"n":"图们市"},{"i":279,"n":"敦化市"},{"i":280,"n":"珲春市"},{"i":281,"n":"龙井市"},{"i":282,"n":"和龙市"},{"i":283,"n":"汪清县"},{"i":284,"n":"安图县"}]}]},{"i":7,"n":"辽宁","cities":[{"i":27,"n":"沈阳市","areas":[{"i":285,"n":"和平区"},{"i":286,"n":"沈河区"},{"i":287,"n":"大东区"},{"i":288,"n":"皇姑区"},{"i":289,"n":"铁西区"},{"i":290,"n":"浑南新区"},{"i":291,"n":"苏家屯区"},{"i":292,"n":"东陵区"},{"i":293,"n":"沈北新区"},{"i":294,"n":"于洪区"},{"i":295,"n":"辽中县"},{"i":296,"n":"康平县"},{"i":297,"n":"法库县"},{"i":298,"n":"新民市"}]},{"i":28,"n":"大连市","areas":[{"i":299,"n":"中山区"},{"i":300,"n":"西岗区"},{"i":301,"n":"沙河口区"},{"i":302,"n":"甘井子区"},{"i":303,"n":"旅顺口区"},{"i":304,"n":"金州区"},{"i":305,"n":"长海县"},{"i":306,"n":"瓦房店市"},{"i":307,"n":"普兰店市"},{"i":308,"n":"庄河市"}]},{"i":29,"n":"鞍山市","areas":[{"i":309,"n":"铁东区"},{"i":310,"n":"铁西区"},{"i":311,"n":"立山区"},{"i":312,"n":"千山区"},{"i":313,"n":"台安县"},{"i":314,"n":"岫岩满族自治县"},{"i":315,"n":"海城市"}]},{"i":30,"n":"抚顺市","areas":[{"i":316,"n":"新抚区"},{"i":317,"n":"东洲区"},{"i":318,"n":"望花区"},{"i":319,"n":"顺城区"},{"i":320,"n":"抚顺县"},{"i":321,"n":"新宾满族自治县"},{"i":322,"n":"清原满族自治县"}]},{"i":31,"n":"本溪市","areas":[{"i":323,"n":"平山区"},{"i":324,"n":"溪湖区"},{"i":325,"n":"明山区"},{"i":326,"n":"南芬区"},{"i":327,"n":"本溪满族自治县"},{"i":328,"n":"桓仁满族自治县"}]},{"i":32,"n":"丹东市","areas":[{"i":329,"n":"元宝区"},{"i":330,"n":"振兴区"},{"i":331,"n":"振安区"},{"i":332,"n":"宽甸满族自治县"},{"i":333,"n":"东港市"},{"i":334,"n":"凤城市"}]},{"i":33,"n":"锦州市","areas":[{"i":335,"n":"古塔区"},{"i":336,"n":"凌河区"},{"i":337,"n":"太和区"},{"i":338,"n":"黑山县"},{"i":339,"n":"义县"},{"i":340,"n":"凌海市"},{"i":341,"n":"北宁市"}]},{"i":34,"n":"营口市","areas":[{"i":342,"n":"站前区"},{"i":343,"n":"西市区"},{"i":344,"n":"鲅鱼圈区"},{"i":345,"n":"老边区"},{"i":346,"n":"盖州市"},{"i":347,"n":"大石桥市"}]},{"i":35,"n":"阜新市","areas":[{"i":348,"n":"海州区"},{"i":349,"n":"新邱区"},{"i":350,"n":"太平区"},{"i":351,"n":"清河门区"},{"i":352,"n":"细河区"},{"i":353,"n":"阜新蒙古族自治县"},{"i":354,"n":"彰武县"}]},{"i":36,"n":"辽阳市","areas":[{"i":355,"n":"白塔区"},{"i":356,"n":"文圣区"},{"i":357,"n":"宏伟区"},{"i":358,"n":"弓长岭区"},{"i":359,"n":"太子河区"},{"i":360,"n":"辽阳县"},{"i":361,"n":"灯塔市"}]},{"i":37,"n":"盘锦市","areas":[{"i":362,"n":"双台子区"},{"i":363,"n":"兴隆台区"},{"i":364,"n":"大洼县"},{"i":365,"n":"盘山县"}]},{"i":38,"n":"铁岭市","areas":[{"i":366,"n":"银州区"},{"i":367,"n":"清河区"},{"i":368,"n":"铁岭县"},{"i":369,"n":"西丰县"},{"i":370,"n":"昌图县"},{"i":371,"n":"调兵山市"},{"i":372,"n":"开原市"}]},{"i":39,"n":"朝阳市","areas":[{"i":373,"n":"双塔区"},{"i":374,"n":"龙城区"},{"i":375,"n":"朝阳县"},{"i":376,"n":"建平县"},{"i":377,"n":"喀喇沁左翼蒙古族自治县"},{"i":378,"n":"北票市"},{"i":379,"n":"凌源市"}]},{"i":40,"n":"葫芦岛市","areas":[{"i":380,"n":"连山区"},{"i":381,"n":"龙港区"},{"i":382,"n":"南票区"},{"i":383,"n":"绥中县"},{"i":384,"n":"建昌县"},{"i":385,"n":"兴城市"}]}]},{"i":8,"n":"山东","cities":[{"i":41,"n":"济南市","areas":[{"i":386,"n":"历下区"},{"i":387,"n":"市中区"},{"i":388,"n":"槐荫区"},{"i":389,"n":"天桥区"},{"i":390,"n":"历城区"},{"i":391,"n":"长清区"},{"i":392,"n":"平阴县"},{"i":393,"n":"济阳县"},{"i":394,"n":"商河县"},{"i":395,"n":"章丘市"}]},{"i":42,"n":"青岛市","areas":[{"i":396,"n":"市南区"},{"i":397,"n":"市北区"},{"i":398,"n":"四方区"},{"i":399,"n":"黄岛区"},{"i":400,"n":"崂山区"},{"i":401,"n":"李沧区"},{"i":402,"n":"城阳区"},{"i":403,"n":"胶州市"},{"i":404,"n":"即墨市"},{"i":405,"n":"平度市"},{"i":406,"n":"胶南市"},{"i":407,"n":"莱西市"}]},{"i":43,"n":"淄博市","areas":[{"i":408,"n":"淄川区"},{"i":409,"n":"张店区"},{"i":410,"n":"博山区"},{"i":411,"n":"临淄区"},{"i":412,"n":"周村区"},{"i":413,"n":"桓台县"},{"i":414,"n":"高青县"},{"i":415,"n":"沂源县"}]},{"i":44,"n":"枣庄市","areas":[{"i":416,"n":"市中区"},{"i":417,"n":"薛城区"},{"i":418,"n":"峄城区"},{"i":419,"n":"台儿庄区"},{"i":420,"n":"山亭区"},{"i":421,"n":"滕州市"}]},{"i":45,"n":"东营市","areas":[{"i":422,"n":"东营区"},{"i":423,"n":"河口区"},{"i":424,"n":"垦利县"},{"i":425,"n":"利津县"},{"i":426,"n":"广饶县"}]},{"i":46,"n":"烟台市","areas":[{"i":427,"n":"芝罘区"},{"i":428,"n":"福山区"},{"i":429,"n":"牟平区"},{"i":430,"n":"莱山区"},{"i":431,"n":"长岛县"},{"i":432,"n":"龙口市"},{"i":433,"n":"莱阳市"},{"i":434,"n":"莱州市"},{"i":435,"n":"蓬莱市"},{"i":436,"n":"招远市"},{"i":437,"n":"栖霞市"},{"i":438,"n":"海阳市"}]},{"i":47,"n":"潍坊市","areas":[{"i":439,"n":"潍城区"},{"i":440,"n":"寒亭区"},{"i":441,"n":"坊子区"},{"i":442,"n":"奎文区"},{"i":443,"n":"临朐县"},{"i":444,"n":"昌乐县"},{"i":445,"n":"青州市"},{"i":446,"n":"诸城市"},{"i":447,"n":"寿光市"},{"i":448,"n":"安丘市"},{"i":449,"n":"高密市"},{"i":450,"n":"昌邑市"}]},{"i":48,"n":"济宁市","areas":[{"i":451,"n":"市中区"},{"i":452,"n":"任城区"},{"i":453,"n":"微山县"},{"i":454,"n":"鱼台县"},{"i":455,"n":"金乡县"},{"i":456,"n":"嘉祥县"},{"i":457,"n":"汶上县"},{"i":458,"n":"泗水县"},{"i":459,"n":"梁山县"},{"i":460,"n":"曲阜市"},{"i":461,"n":"兖州市"},{"i":462,"n":"邹城市"}]},{"i":49,"n":"泰安市","areas":[{"i":463,"n":"泰山区"},{"i":464,"n":"岱岳区"},{"i":465,"n":"宁阳县"},{"i":466,"n":"东平县"},{"i":467,"n":"新泰市"},{"i":468,"n":"肥城市"}]},{"i":50,"n":"威海市","areas":[{"i":469,"n":"环翠区"},{"i":470,"n":"文登市"},{"i":471,"n":"荣成市"},{"i":472,"n":"乳山市"}]},{"i":51,"n":"日照市","areas":[{"i":473,"n":"东港区"},{"i":474,"n":"岚山区"},{"i":475,"n":"五莲县"},{"i":476,"n":"莒县"}]},{"i":52,"n":"莱芜市","areas":[{"i":477,"n":"莱城区"},{"i":478,"n":"钢城区"}]},{"i":53,"n":"临沂市","areas":[{"i":479,"n":"兰山区"},{"i":480,"n":"罗庄区"},{"i":481,"n":"河东区"},{"i":482,"n":"沂南县"},{"i":483,"n":"郯城县"},{"i":484,"n":"沂水县"},{"i":485,"n":"苍山县"},{"i":486,"n":"费县"},{"i":487,"n":"平邑县"},{"i":488,"n":"莒南县"},{"i":489,"n":"蒙阴县"},{"i":490,"n":"临沭县"}]},{"i":54,"n":"德州市","areas":[{"i":491,"n":"德城区"},{"i":492,"n":"陵县"},{"i":493,"n":"宁津县"},{"i":494,"n":"庆云县"},{"i":495,"n":"临邑县"},{"i":496,"n":"齐河县"},{"i":497,"n":"平原县"},{"i":498,"n":"夏津县"},{"i":499,"n":"武城县"},{"i":500,"n":"乐陵市"},{"i":501,"n":"禹城市"}]},{"i":55,"n":"聊城市","areas":[{"i":502,"n":"东昌府区"},{"i":503,"n":"阳谷县"},{"i":504,"n":"莘县"},{"i":505,"n":"茌平县"},{"i":506,"n":"东阿县"},{"i":507,"n":"冠县"},{"i":508,"n":"高唐县"},{"i":509,"n":"临清市"}]},{"i":56,"n":"滨州市","areas":[{"i":510,"n":"滨城区"},{"i":511,"n":"惠民县"},{"i":512,"n":"阳信县"},{"i":513,"n":"无棣县"},{"i":514,"n":"沾化县"},{"i":515,"n":"博兴县"},{"i":516,"n":"邹平县"}]},{"i":57,"n":"菏泽市","areas":[{"i":517,"n":"牡丹区"},{"i":518,"n":"曹县"},{"i":519,"n":"单县"},{"i":520,"n":"成武县"},{"i":521,"n":"巨野县"},{"i":522,"n":"郓城县"},{"i":523,"n":"鄄城县"},{"i":524,"n":"定陶县"},{"i":525,"n":"东明县"}]}]},{"i":9,"n":"山西","cities":[{"i":58,"n":"太原市","areas":[{"i":526,"n":"小店区"},{"i":527,"n":"迎泽区"},{"i":528,"n":"杏花岭区"},{"i":529,"n":"尖草坪区"},{"i":530,"n":"万柏林区"},{"i":531,"n":"晋源区"},{"i":532,"n":"清徐县"},{"i":533,"n":"阳曲县"},{"i":534,"n":"娄烦县"},{"i":535,"n":"古交市"}]},{"i":59,"n":"大同市","areas":[{"i":536,"n":"城区"},{"i":537,"n":"矿区"},{"i":538,"n":"南郊区"},{"i":539,"n":"新荣区"},{"i":540,"n":"阳高县"},{"i":541,"n":"天镇县"},{"i":542,"n":"广灵县"},{"i":543,"n":"灵丘县"},{"i":544,"n":"浑源县"},{"i":545,"n":"左云县"},{"i":546,"n":"大同县"}]},{"i":60,"n":"阳泉市","areas":[{"i":547,"n":"城区"},{"i":548,"n":"矿区"},{"i":549,"n":"郊区"},{"i":550,"n":"平定县"},{"i":551,"n":"盂县"}]},{"i":61,"n":"长治市","areas":[{"i":552,"n":"城区"},{"i":553,"n":"郊区"},{"i":554,"n":"长治县"},{"i":555,"n":"襄垣县"},{"i":556,"n":"屯留县"},{"i":557,"n":"平顺县"},{"i":558,"n":"黎城县"},{"i":559,"n":"壶关县"},{"i":560,"n":"长子县"},{"i":561,"n":"武乡县"},{"i":562,"n":"沁县"},{"i":563,"n":"沁源县"},{"i":564,"n":"潞城市"}]},{"i":62,"n":"晋城市","areas":[{"i":565,"n":"城区"},{"i":566,"n":"沁水县"},{"i":567,"n":"阳城县"},{"i":568,"n":"陵川县"},{"i":569,"n":"泽州县"},{"i":570,"n":"高平市"}]},{"i":63,"n":"朔州市","areas":[{"i":571,"n":"朔城区"},{"i":572,"n":"平鲁区"},{"i":573,"n":"山阴县"},{"i":574,"n":"应县"},{"i":575,"n":"右玉县"},{"i":576,"n":"怀仁县"}]},{"i":64,"n":"晋中市","areas":[{"i":577,"n":"榆次区"},{"i":578,"n":"榆社县"},{"i":579,"n":"左权县"},{"i":580,"n":"和顺县"},{"i":581,"n":"昔阳县"},{"i":582,"n":"寿阳县"},{"i":583,"n":"太谷县"},{"i":584,"n":"祁县"},{"i":585,"n":"平遥县"},{"i":586,"n":"灵石县"},{"i":587,"n":"介休市"}]},{"i":65,"n":"运城市","areas":[{"i":588,"n":"盐湖区"},{"i":589,"n":"临猗县"},{"i":590,"n":"万荣县"},{"i":591,"n":"闻喜县"},{"i":592,"n":"稷山县"},{"i":593,"n":"新绛县"},{"i":594,"n":"绛县"},{"i":595,"n":"垣曲县"},{"i":596,"n":"夏县"},{"i":597,"n":"平陆县"},{"i":598,"n":"芮城县"},{"i":599,"n":"永济市"},{"i":600,"n":"河津市"}]},{"i":66,"n":"忻州市","areas":[{"i":601,"n":"忻府区"},{"i":602,"n":"定襄县"},{"i":603,"n":"五台县"},{"i":604,"n":"代县"},{"i":605,"n":"繁峙县"},{"i":606,"n":"宁武县"},{"i":607,"n":"静乐县"},{"i":608,"n":"神池县"},{"i":609,"n":"五寨县"},{"i":610,"n":"岢岚县"},{"i":611,"n":"河曲县"},{"i":612,"n":"保德县"},{"i":613,"n":"偏关县"},{"i":614,"n":"原平市"}]},{"i":67,"n":"临汾市","areas":[{"i":615,"n":"尧都区"},{"i":616,"n":"曲沃县"},{"i":617,"n":"翼城县"},{"i":618,"n":"襄汾县"},{"i":619,"n":"洪洞县"},{"i":620,"n":"古县"},{"i":621,"n":"安泽县"},{"i":622,"n":"浮山县"},{"i":623,"n":"吉县"},{"i":624,"n":"乡宁县"},{"i":625,"n":"大宁县"},{"i":626,"n":"隰县"},{"i":627,"n":"永和县"},{"i":628,"n":"蒲县"},{"i":629,"n":"汾西县"},{"i":630,"n":"侯马市"},{"i":631,"n":"霍州市"}]},{"i":68,"n":"吕梁市","areas":[{"i":632,"n":"离石区"},{"i":633,"n":"文水县"},{"i":634,"n":"交城县"},{"i":635,"n":"兴县"},{"i":636,"n":"临县"},{"i":637,"n":"柳林县"},{"i":638,"n":"石楼县"},{"i":639,"n":"岚县"},{"i":640,"n":"方山县"},{"i":641,"n":"中阳县"},{"i":642,"n":"交口县"},{"i":643,"n":"孝义市"},{"i":644,"n":"汾阳市"}]}]},{"i":10,"n":"陕西","cities":[{"i":69,"n":"西安市","areas":[{"i":645,"n":"新城区"},{"i":646,"n":"碑林区"},{"i":647,"n":"莲湖区"},{"i":648,"n":"灞桥区"},{"i":649,"n":"未央区"},{"i":650,"n":"雁塔区"},{"i":651,"n":"阎良区"},{"i":652,"n":"临潼区"},{"i":653,"n":"长安区"},{"i":654,"n":"蓝田县"},{"i":655,"n":"周至县"},{"i":656,"n":"户县"},{"i":657,"n":"高陵县"},{"i":658,"n":"高新区"}]},{"i":70,"n":"铜川市","areas":[{"i":659,"n":"王益区"},{"i":660,"n":"印台区"},{"i":661,"n":"耀州区"},{"i":662,"n":"宜君县"}]},{"i":71,"n":"宝鸡市","areas":[{"i":663,"n":"渭滨区"},{"i":664,"n":"金台区"},{"i":665,"n":"陈仓区"},{"i":666,"n":"凤翔县"},{"i":667,"n":"岐山县"},{"i":668,"n":"扶风县"},{"i":669,"n":"眉县"},{"i":670,"n":"陇县"},{"i":671,"n":"千阳县"},{"i":672,"n":"麟游县"},{"i":673,"n":"凤县"},{"i":674,"n":"太白县"}]},{"i":72,"n":"咸阳市","areas":[{"i":675,"n":"秦都区"},{"i":676,"n":"杨凌区"},{"i":677,"n":"渭城区"},{"i":678,"n":"三原县"},{"i":679,"n":"泾阳县"},{"i":680,"n":"乾县"},{"i":681,"n":"礼泉县"},{"i":682,"n":"永寿县"},{"i":683,"n":"彬县"},{"i":684,"n":"长武县"},{"i":685,"n":"旬邑县"},{"i":686,"n":"淳化县"},{"i":687,"n":"武功县"},{"i":688,"n":"兴平市"}]},{"i":73,"n":"渭南市","areas":[{"i":689,"n":"临渭区"},{"i":690,"n":"华县"},{"i":691,"n":"潼关县"},{"i":692,"n":"大荔县"},{"i":693,"n":"合阳县"},{"i":694,"n":"澄城县"},{"i":695,"n":"蒲城县"},{"i":696,"n":"白水县"},{"i":697,"n":"富平县"},{"i":698,"n":"韩城市"},{"i":699,"n":"华阴市"}]},{"i":74,"n":"延安市","areas":[{"i":700,"n":"宝塔区"},{"i":701,"n":"延长县"},{"i":702,"n":"延川县"},{"i":703,"n":"子长县"},{"i":704,"n":"安塞县"},{"i":705,"n":"志丹县"},{"i":706,"n":"吴起县"},{"i":707,"n":"甘泉县"},{"i":708,"n":"富县"},{"i":709,"n":"洛川县"},{"i":710,"n":"宜川县"},{"i":711,"n":"黄龙县"},{"i":712,"n":"黄陵县"}]},{"i":75,"n":"汉中市","areas":[{"i":713,"n":"汉台区"},{"i":714,"n":"南郑县"},{"i":715,"n":"城固县"},{"i":716,"n":"洋县"},{"i":717,"n":"西乡县"},{"i":718,"n":"勉县"},{"i":719,"n":"宁强县"},{"i":720,"n":"略阳县"},{"i":721,"n":"镇巴县"},{"i":722,"n":"留坝县"},{"i":723,"n":"佛坪县"}]},{"i":76,"n":"榆林市","areas":[{"i":724,"n":"榆阳区"},{"i":725,"n":"神木县"},{"i":726,"n":"府谷县"},{"i":727,"n":"横山县"},{"i":728,"n":"靖边县"},{"i":729,"n":"定边县"},{"i":730,"n":"绥德县"},{"i":731,"n":"米脂县"},{"i":732,"n":"佳县"},{"i":733,"n":"吴堡县"},{"i":734,"n":"清涧县"},{"i":735,"n":"子洲县"}]},{"i":77,"n":"安康市","areas":[{"i":736,"n":"汉滨区"},{"i":737,"n":"汉阴县"},{"i":738,"n":"石泉县"},{"i":739,"n":"宁陕县"},{"i":740,"n":"紫阳县"},{"i":741,"n":"岚皋县"},{"i":742,"n":"平利县"},{"i":743,"n":"镇坪县"},{"i":744,"n":"旬阳县"},{"i":745,"n":"白河县"}]},{"i":78,"n":"商洛市","areas":[{"i":746,"n":"商州区"},{"i":747,"n":"洛南县"},{"i":748,"n":"丹凤县"},{"i":749,"n":"商南县"},{"i":750,"n":"山阳县"},{"i":751,"n":"镇安县"},{"i":752,"n":"柞水县"}]}]},{"i":11,"n":"河北","cities":[{"i":79,"n":"石家庄市","areas":[{"i":753,"n":"长安区"},{"i":754,"n":"桥东区"},{"i":755,"n":"桥西区"},{"i":756,"n":"新华区"},{"i":757,"n":"井陉矿区"},{"i":758,"n":"裕华区"},{"i":759,"n":"井陉县"},{"i":760,"n":"正定县"},{"i":761,"n":"栾城县"},{"i":762,"n":"行唐县"},{"i":763,"n":"灵寿县"},{"i":764,"n":"高邑县"},{"i":765,"n":"深泽县"},{"i":766,"n":"赞皇县"},{"i":767,"n":"无极县"},{"i":768,"n":"平山县"},{"i":769,"n":"元氏县"},{"i":770,"n":"赵县"},{"i":771,"n":"辛集市"},{"i":772,"n":"藁城市"},{"i":773,"n":"晋州市"},{"i":774,"n":"新乐市"},{"i":775,"n":"鹿泉市"}]},{"i":80,"n":"唐山市","areas":[{"i":776,"n":"路南区"},{"i":777,"n":"路北区"},{"i":778,"n":"古冶区"},{"i":779,"n":"开平区"},{"i":780,"n":"丰南区"},{"i":781,"n":"丰润区"},{"i":782,"n":"滦县"},{"i":783,"n":"滦南县"},{"i":784,"n":"乐亭县"},{"i":785,"n":"迁西县"},{"i":786,"n":"玉田县"},{"i":787,"n":"曹妃甸区"},{"i":788,"n":"遵化市"},{"i":789,"n":"迁安市"}]},{"i":81,"n":"秦皇岛市","areas":[{"i":790,"n":"海港区"},{"i":791,"n":"山海关区"},{"i":792,"n":"北戴河区"},{"i":793,"n":"开发区"},{"i":794,"n":"青龙满族自治县"},{"i":795,"n":"昌黎县"},{"i":796,"n":"抚宁县"},{"i":797,"n":"卢龙县"}]},{"i":82,"n":"邯郸市","areas":[{"i":798,"n":"邯山区"},{"i":799,"n":"丛台区"},{"i":800,"n":"复兴区"},{"i":801,"n":"峰峰矿区"},{"i":802,"n":"邯郸县"},{"i":803,"n":"临漳县"},{"i":804,"n":"成安县"},{"i":805,"n":"大名县"},{"i":806,"n":"涉县"},{"i":807,"n":"磁县"},{"i":808,"n":"肥乡县"},{"i":809,"n":"永年县"},{"i":810,"n":"邱县"},{"i":811,"n":"鸡泽县"},{"i":812,"n":"广平县"},{"i":813,"n":"馆陶县"},{"i":814,"n":"魏县"},{"i":815,"n":"曲周县"},{"i":816,"n":"武安市"}]},{"i":83,"n":"邢台市","areas":[{"i":817,"n":"桥东区"},{"i":818,"n":"桥西区"},{"i":819,"n":"邢台县"},{"i":820,"n":"临城县"},{"i":821,"n":"内丘县"},{"i":822,"n":"柏乡县"},{"i":823,"n":"隆尧县"},{"i":824,"n":"任县"},{"i":825,"n":"南和县"},{"i":826,"n":"宁晋县"},{"i":827,"n":"巨鹿县"},{"i":828,"n":"新河县"},{"i":829,"n":"广宗县"},{"i":830,"n":"平乡县"},{"i":831,"n":"威县"},{"i":832,"n":"清河县"},{"i":833,"n":"临西县"},{"i":834,"n":"南宫市"},{"i":835,"n":"沙河市"}]},{"i":84,"n":"保定市","areas":[{"i":836,"n":"新市区"},{"i":837,"n":"北市区"},{"i":838,"n":"南市区"},{"i":839,"n":"满城县"},{"i":840,"n":"清苑县"},{"i":841,"n":"涞水县"},{"i":842,"n":"阜平县"},{"i":843,"n":"徐水县"},{"i":844,"n":"定兴县"},{"i":845,"n":"唐县"},{"i":846,"n":"高阳县"},{"i":847,"n":"容城县"},{"i":848,"n":"涞源县"},{"i":849,"n":"望都县"},{"i":850,"n":"安新县"},{"i":851,"n":"易县"},{"i":852,"n":"曲阳县"},{"i":853,"n":"蠡县"},{"i":854,"n":"顺平县"},{"i":855,"n":"博野县"},{"i":856,"n":"雄县"},{"i":857,"n":"涿州市"},{"i":858,"n":"定州市"},{"i":859,"n":"安国市"},{"i":860,"n":"高碑店市"}]},{"i":85,"n":"张家口市","areas":[{"i":861,"n":"桥东区"},{"i":862,"n":"桥西区"},{"i":863,"n":"宣化区"},{"i":864,"n":"下花园区"},{"i":865,"n":"宣化县"},{"i":866,"n":"张北县"},{"i":867,"n":"康保县"},{"i":868,"n":"沽源县"},{"i":869,"n":"尚义县"},{"i":870,"n":"蔚县"},{"i":871,"n":"阳原县"},{"i":872,"n":"怀安县"},{"i":873,"n":"万全县"},{"i":874,"n":"怀来县"},{"i":875,"n":"涿鹿县"},{"i":876,"n":"赤城县"},{"i":877,"n":"崇礼县"}]},{"i":86,"n":"承德市","areas":[{"i":878,"n":"双桥区"},{"i":879,"n":"双滦区"},{"i":880,"n":"鹰手营子矿区"},{"i":881,"n":"承德县"},{"i":882,"n":"兴隆县"},{"i":883,"n":"平泉县"},{"i":884,"n":"滦平县"},{"i":885,"n":"隆化县"},{"i":886,"n":"丰宁满族自治县"},{"i":887,"n":"宽城满族自治县"},{"i":888,"n":"围场满族蒙古族自治县"}]},{"i":87,"n":"沧州市","areas":[{"i":889,"n":"新华区"},{"i":890,"n":"运河区"},{"i":891,"n":"沧县"},{"i":892,"n":"青县"},{"i":893,"n":"东光县"},{"i":894,"n":"海兴县"},{"i":895,"n":"盐山县"},{"i":896,"n":"肃宁县"},{"i":897,"n":"南皮县"},{"i":898,"n":"吴桥县"},{"i":899,"n":"献县"},{"i":900,"n":"孟村回族自治县"},{"i":901,"n":"泊头市"},{"i":902,"n":"任丘市"},{"i":903,"n":"黄骅市"},{"i":904,"n":"河间市"}]},{"i":88,"n":"廊坊市","areas":[{"i":905,"n":"安次区"},{"i":906,"n":"广阳区"},{"i":907,"n":"固安县"},{"i":908,"n":"永清县"},{"i":909,"n":"香河县"},{"i":910,"n":"大城县"},{"i":911,"n":"文安县"},{"i":912,"n":"大厂回族自治县"},{"i":913,"n":"霸州市"},{"i":914,"n":"三河市"}]},{"i":89,"n":"衡水市","areas":[{"i":915,"n":"桃城区"},{"i":916,"n":"枣强县"},{"i":917,"n":"武邑县"},{"i":918,"n":"武强县"},{"i":919,"n":"饶阳县"},{"i":920,"n":"安平县"},{"i":921,"n":"故城县"},{"i":922,"n":"景县"},{"i":923,"n":"阜城县"},{"i":924,"n":"冀州市"},{"i":925,"n":"深州市"}]}]},{"i":12,"n":"河南","cities":[{"i":90,"n":"郑州市","areas":[{"i":926,"n":"中原区"},{"i":927,"n":"二七区"},{"i":928,"n":"管城回族区"},{"i":929,"n":"金水区"},{"i":930,"n":"上街区"},{"i":931,"n":"惠济区"},{"i":932,"n":"中牟县"},{"i":933,"n":"巩义市"},{"i":934,"n":"荥阳市"},{"i":935,"n":"新密市"},{"i":936,"n":"新郑市"},{"i":937,"n":"登封市"},{"i":938,"n":"高新区"}]},{"i":91,"n":"开封市","areas":[{"i":939,"n":"龙亭区"},{"i":940,"n":"顺河回族区"},{"i":941,"n":"鼓楼区"},{"i":942,"n":"禹王台区"},{"i":943,"n":"金明区"},{"i":944,"n":"杞县"},{"i":945,"n":"通许县"},{"i":946,"n":"尉氏县"},{"i":947,"n":"开封县"},{"i":948,"n":"兰考县"}]},{"i":92,"n":"洛阳市","areas":[{"i":949,"n":"老城区"},{"i":950,"n":"西工区"},{"i":951,"n":"廛河回族区"},{"i":952,"n":"涧西区"},{"i":953,"n":"吉利区"},{"i":954,"n":"洛龙区"},{"i":955,"n":"孟津县"},{"i":956,"n":"新安县"},{"i":957,"n":"栾川县"},{"i":958,"n":"嵩县"},{"i":959,"n":"汝阳县"},{"i":960,"n":"宜阳县"},{"i":961,"n":"洛宁县"},{"i":962,"n":"伊川县"},{"i":963,"n":"偃师市"}]},{"i":93,"n":"平顶山市","areas":[{"i":964,"n":"新华区"},{"i":965,"n":"卫东区"},{"i":966,"n":"石龙区"},{"i":967,"n":"湛河区"},{"i":968,"n":"宝丰县"},{"i":969,"n":"叶县"},{"i":970,"n":"鲁山县"},{"i":971,"n":"郏县"},{"i":972,"n":"舞钢市"},{"i":973,"n":"汝州市"}]},{"i":94,"n":"安阳市","areas":[{"i":974,"n":"文峰区"},{"i":975,"n":"北关区"},{"i":976,"n":"殷都区"},{"i":977,"n":"龙安区"},{"i":978,"n":"安阳县"},{"i":979,"n":"汤阴县"},{"i":980,"n":"滑县"},{"i":981,"n":"内黄县"},{"i":982,"n":"林州市"}]},{"i":95,"n":"鹤壁市","areas":[{"i":983,"n":"鹤山区"},{"i":984,"n":"山城区"},{"i":985,"n":"淇滨区"},{"i":986,"n":"浚县"},{"i":987,"n":"淇县"}]},{"i":96,"n":"新乡市","areas":[{"i":988,"n":"红旗区"},{"i":989,"n":"卫滨区"},{"i":990,"n":"凤泉区"},{"i":991,"n":"牧野区"},{"i":992,"n":"新乡县"},{"i":993,"n":"获嘉县"},{"i":994,"n":"原阳县"},{"i":995,"n":"延津县"},{"i":996,"n":"封丘县"},{"i":997,"n":"长垣县"},{"i":998,"n":"卫辉市"},{"i":999,"n":"辉县市"}]},{"i":97,"n":"焦作市","areas":[{"i":1000,"n":"解放区"},{"i":1001,"n":"中站区"},{"i":1002,"n":"马村区"},{"i":1003,"n":"山阳区"},{"i":1004,"n":"修武县"},{"i":1005,"n":"博爱县"},{"i":1006,"n":"武陟县"},{"i":1007,"n":"温县"},{"i":1008,"n":"沁阳市"},{"i":1009,"n":"孟州市"}]},{"i":98,"n":"濮阳市","areas":[{"i":1010,"n":"华龙区"},{"i":1011,"n":"清丰县"},{"i":1012,"n":"南乐县"},{"i":1013,"n":"范县"},{"i":1014,"n":"台前县"},{"i":1015,"n":"濮阳县"}]},{"i":99,"n":"许昌市","areas":[{"i":1016,"n":"魏都区"},{"i":1017,"n":"许昌县"},{"i":1018,"n":"鄢陵县"},{"i":1019,"n":"襄城县"},{"i":1020,"n":"禹州市"},{"i":1021,"n":"长葛市"}]},{"i":100,"n":"漯河市","areas":[{"i":1022,"n":"源汇区"},{"i":1023,"n":"郾城区"},{"i":1024,"n":"召陵区"},{"i":1025,"n":"舞阳县"},{"i":1026,"n":"临颍县"}]},{"i":101,"n":"三门峡市","areas":[{"i":1027,"n":"湖滨区"},{"i":1028,"n":"渑池县"},{"i":1029,"n":"陕县"},{"i":1030,"n":"卢氏县"},{"i":1031,"n":"义马市"},{"i":1032,"n":"灵宝市"}]},{"i":102,"n":"南阳市","areas":[{"i":1033,"n":"宛城区"},{"i":1034,"n":"卧龙区"},{"i":1035,"n":"南召县"},{"i":1036,"n":"方城县"},{"i":1037,"n":"西峡县"},{"i":1038,"n":"镇平县"},{"i":1039,"n":"内乡县"},{"i":1040,"n":"淅川县"},{"i":1041,"n":"社旗县"},{"i":1042,"n":"唐河县"},{"i":1043,"n":"新野县"},{"i":1044,"n":"桐柏县"},{"i":1045,"n":"邓州市"}]},{"i":103,"n":"商丘市","areas":[{"i":1046,"n":"梁园区"},{"i":1047,"n":"睢阳区"},{"i":1048,"n":"民权县"},{"i":1049,"n":"睢县"},{"i":1050,"n":"宁陵县"},{"i":1051,"n":"柘城县"},{"i":1052,"n":"虞城县"},{"i":1053,"n":"夏邑县"},{"i":1054,"n":"永城市"}]},{"i":104,"n":"信阳市","areas":[{"i":1055,"n":"浉河区"},{"i":1056,"n":"平桥区"},{"i":1057,"n":"罗山县"},{"i":1058,"n":"光山县"},{"i":1059,"n":"新县"},{"i":1060,"n":"商城县"},{"i":1061,"n":"固始县"},{"i":1062,"n":"潢川县"},{"i":1063,"n":"淮滨县"},{"i":1064,"n":"息县"}]},{"i":105,"n":"周口市","areas":[{"i":1065,"n":"川汇区"},{"i":1066,"n":"扶沟县"},{"i":1067,"n":"西华县"},{"i":1068,"n":"商水县"},{"i":1069,"n":"沈丘县"},{"i":1070,"n":"郸城县"},{"i":1071,"n":"淮阳县"},{"i":1072,"n":"太康县"},{"i":1073,"n":"鹿邑县"},{"i":1074,"n":"项城市"}]},{"i":106,"n":"驻马店市","areas":[{"i":1075,"n":"驿城区"},{"i":1076,"n":"西平县"},{"i":1077,"n":"上蔡县"},{"i":1078,"n":"平舆县"},{"i":1079,"n":"正阳县"},{"i":1080,"n":"确山县"},{"i":1081,"n":"泌阳县"},{"i":1082,"n":"汝南县"},{"i":1083,"n":"遂平县"},{"i":1084,"n":"新蔡县"}]},{"i":107,"n":"济源市","areas":[{"i":1085,"n":"济源市"}]}]},{"i":13,"n":"湖北","cities":[{"i":108,"n":"武汉市","areas":[{"i":1086,"n":"江岸区"},{"i":1087,"n":"江汉区"},{"i":1088,"n":"硚口区"},{"i":1089,"n":"汉阳区"},{"i":1090,"n":"武昌区"},{"i":1091,"n":"青山区"},{"i":1092,"n":"洪山区"},{"i":1093,"n":"东西湖区"},{"i":1094,"n":"汉南区"},{"i":1095,"n":"蔡甸区"},{"i":1096,"n":"江夏区"},{"i":1097,"n":"黄陂区"},{"i":1098,"n":"新洲区"}]},{"i":109,"n":"黄石市","areas":[{"i":1099,"n":"黄石港区"},{"i":1100,"n":"西塞山区"},{"i":1101,"n":"下陆区"},{"i":1102,"n":"铁山区"},{"i":1103,"n":"阳新县"},{"i":1104,"n":"大冶市"}]},{"i":110,"n":"十堰市","areas":[{"i":1105,"n":"茅箭区"},{"i":1106,"n":"张湾区"},{"i":1107,"n":"郧县"},{"i":1108,"n":"郧西县"},{"i":1109,"n":"竹山县"},{"i":1110,"n":"竹溪县"},{"i":1111,"n":"房县"},{"i":1112,"n":"丹江口市"}]},{"i":111,"n":"宜昌市","areas":[{"i":1113,"n":"西陵区"},{"i":1114,"n":"伍家岗区"},{"i":1115,"n":"点军区"},{"i":1116,"n":"猇亭区"},{"i":1117,"n":"夷陵区"},{"i":1118,"n":"远安县"},{"i":1119,"n":"兴山县"},{"i":1120,"n":"秭归县"},{"i":1121,"n":"长阳土家族自治县"},{"i":1122,"n":"五峰土家族自治县"},{"i":1123,"n":"宜都市"},{"i":1124,"n":"当阳市"},{"i":1125,"n":"枝江市"}]},{"i":112,"n":"襄樊市","areas":[{"i":1126,"n":"襄城区"},{"i":1127,"n":"樊城区"},{"i":1128,"n":"襄阳区"},{"i":1129,"n":"南漳县"},{"i":1130,"n":"谷城县"},{"i":1131,"n":"保康县"},{"i":1132,"n":"老河口市"},{"i":1133,"n":"枣阳市"},{"i":1134,"n":"宜城市"}]},{"i":113,"n":"鄂州市","areas":[{"i":1135,"n":"梁子湖区"},{"i":1136,"n":"华容区"},{"i":1137,"n":"鄂城区"}]},{"i":114,"n":"荆门市","areas":[{"i":1138,"n":"东宝区"},{"i":1139,"n":"掇刀区"},{"i":1140,"n":"京山县"},{"i":1141,"n":"沙洋县"},{"i":1142,"n":"钟祥市"}]},{"i":115,"n":"孝感市","areas":[{"i":1143,"n":"孝南区"},{"i":1144,"n":"孝昌县"},{"i":1145,"n":"大悟县"},{"i":1146,"n":"云梦县"},{"i":1147,"n":"应城市"},{"i":1148,"n":"安陆市"},{"i":1149,"n":"汉川市"}]},{"i":116,"n":"荆州市","areas":[{"i":1150,"n":"沙市区"},{"i":1151,"n":"荆州区"},{"i":1152,"n":"公安县"},{"i":1153,"n":"监利县"},{"i":1154,"n":"江陵县"},{"i":1155,"n":"石首市"},{"i":1156,"n":"洪湖市"},{"i":1157,"n":"松滋市"}]},{"i":117,"n":"黄冈市","areas":[{"i":1158,"n":"黄州区"},{"i":1159,"n":"团风县"},{"i":1160,"n":"红安县"},{"i":1161,"n":"罗田县"},{"i":1162,"n":"英山县"},{"i":1163,"n":"浠水县"},{"i":1164,"n":"蕲春县"},{"i":1165,"n":"黄梅县"},{"i":1166,"n":"麻城市"},{"i":1167,"n":"武穴市"}]},{"i":118,"n":"咸宁市","areas":[{"i":1168,"n":"咸安区"},{"i":1169,"n":"嘉鱼县"},{"i":1170,"n":"通城县"},{"i":1171,"n":"崇阳县"},{"i":1172,"n":"通山县"},{"i":1173,"n":"赤壁市"}]},{"i":119,"n":"随州市","areas":[{"i":1174,"n":"曾都区"},{"i":1175,"n":"广水市"},{"i":1176,"n":"随县"}]},{"i":120,"n":"恩施土家族苗族自治州","areas":[{"i":1177,"n":"恩施市"},{"i":1178,"n":"利川市"},{"i":1179,"n":"建始县"},{"i":1180,"n":"巴东县"},{"i":1181,"n":"宣恩县"},{"i":1182,"n":"咸丰县"},{"i":1183,"n":"来凤县"},{"i":1184,"n":"鹤峰县"}]},{"i":121,"n":"仙桃市","areas":[{"i":1185,"n":"仙桃市"}]},{"i":122,"n":"潜江市","areas":[{"i":1186,"n":"潜江市"}]},{"i":123,"n":"天门市","areas":[{"i":1187,"n":"天门市"}]},{"i":124,"n":"神农架林区","areas":[{"i":1188,"n":"神农架林区"}]}]},{"i":14,"n":"湖南","cities":[{"i":125,"n":"长沙市","areas":[{"i":1189,"n":"芙蓉区"},{"i":1190,"n":"天心区"},{"i":1191,"n":"岳麓区"},{"i":1192,"n":"开福区"},{"i":1193,"n":"雨花区"},{"i":1194,"n":"长沙县"},{"i":1195,"n":"望城县"},{"i":1196,"n":"宁乡县"},{"i":1197,"n":"浏阳市"}]},{"i":126,"n":"株洲市","areas":[{"i":1198,"n":"荷塘区"},{"i":1199,"n":"芦淞区"},{"i":1200,"n":"石峰区"},{"i":1201,"n":"天元区"},{"i":1202,"n":"株洲县"},{"i":1203,"n":"攸县"},{"i":1204,"n":"茶陵县"},{"i":1205,"n":"炎陵县"},{"i":1206,"n":"醴陵市"}]},{"i":127,"n":"湘潭市","areas":[{"i":1207,"n":"雨湖区"},{"i":1208,"n":"岳塘区"},{"i":1209,"n":"湘潭县"},{"i":1210,"n":"湘乡市"},{"i":1211,"n":"韶山市"}]},{"i":128,"n":"衡阳市","areas":[{"i":1212,"n":"珠晖区"},{"i":1213,"n":"雁峰区"},{"i":1214,"n":"石鼓区"},{"i":1215,"n":"蒸湘区"},{"i":1216,"n":"南岳区"},{"i":1217,"n":"衡阳县"},{"i":1218,"n":"衡南县"},{"i":1219,"n":"衡山县"},{"i":1220,"n":"衡东县"},{"i":1221,"n":"祁东县"},{"i":1222,"n":"耒阳市"},{"i":1223,"n":"常宁市"}]},{"i":129,"n":"邵阳市","areas":[{"i":1224,"n":"双清区"},{"i":1225,"n":"大祥区"},{"i":1226,"n":"北塔区"},{"i":1227,"n":"邵东县"},{"i":1228,"n":"新邵县"},{"i":1229,"n":"邵阳县"},{"i":1230,"n":"隆回县"},{"i":1231,"n":"洞口县"},{"i":1232,"n":"绥宁县"},{"i":1233,"n":"新宁县"},{"i":1234,"n":"城步苗族自治县"},{"i":1235,"n":"武冈市"}]},{"i":130,"n":"岳阳市","areas":[{"i":1236,"n":"岳阳楼区"},{"i":1237,"n":"云溪区"},{"i":1238,"n":"君山区"},{"i":1239,"n":"岳阳县"},{"i":1240,"n":"华容县"},{"i":1241,"n":"湘阴县"},{"i":1242,"n":"平江县"},{"i":1243,"n":"汨罗市"},{"i":1244,"n":"临湘市"}]},{"i":131,"n":"常德市","areas":[{"i":1245,"n":"武陵区"},{"i":1246,"n":"鼎城区"},{"i":1247,"n":"安乡县"},{"i":1248,"n":"汉寿县"},{"i":1249,"n":"澧县"},{"i":1250,"n":"临澧县"},{"i":1251,"n":"桃源县"},{"i":1252,"n":"石门县"},{"i":1253,"n":"津市市"}]},{"i":132,"n":"张家界市","areas":[{"i":1254,"n":"永定区"},{"i":1255,"n":"武陵源区"},{"i":1256,"n":"慈利县"},{"i":1257,"n":"桑植县"}]},{"i":133,"n":"益阳市","areas":[{"i":1258,"n":"资阳区"},{"i":1259,"n":"赫山区"},{"i":1260,"n":"南县"},{"i":1261,"n":"桃江县"},{"i":1262,"n":"安化县"},{"i":1263,"n":"沅江市"}]},{"i":134,"n":"郴州市","areas":[{"i":1264,"n":"北湖区"},{"i":1265,"n":"苏仙区"},{"i":1266,"n":"桂阳县"},{"i":1267,"n":"宜章县"},{"i":1268,"n":"永兴县"},{"i":1269,"n":"嘉禾县"},{"i":1270,"n":"临武县"},{"i":1271,"n":"汝城县"},{"i":1272,"n":"桂东县"},{"i":1273,"n":"安仁县"},{"i":1274,"n":"资兴市"}]},{"i":135,"n":"永州市","areas":[{"i":1275,"n":"零陵区"},{"i":1276,"n":"冷水滩区"},{"i":1277,"n":"祁阳县"},{"i":1278,"n":"东安县"},{"i":1279,"n":"双牌县"},{"i":1280,"n":"道县"},{"i":1281,"n":"江永县"},{"i":1282,"n":"宁远县"},{"i":1283,"n":"蓝山县"},{"i":1284,"n":"新田县"},{"i":1285,"n":"江华瑶族自治县"},{"i":1286,"n":"江华县"}]},{"i":136,"n":"怀化市","areas":[{"i":1287,"n":"鹤城区"},{"i":1288,"n":"中方县"},{"i":1289,"n":"沅陵县"},{"i":1290,"n":"辰溪县"},{"i":1291,"n":"溆浦县"},{"i":1292,"n":"会同县"},{"i":1293,"n":"麻阳苗族自治县"},{"i":1294,"n":"新晃侗族自治县"},{"i":1295,"n":"芷江侗族自治县"},{"i":1296,"n":"靖州苗族侗族自治县"},{"i":1297,"n":"通道侗族自治县"},{"i":1298,"n":"洪江市"}]},{"i":137,"n":"娄底市","areas":[{"i":1299,"n":"娄星区"},{"i":1300,"n":"双峰县"},{"i":1301,"n":"新化县"},{"i":1302,"n":"冷水江市"},{"i":1303,"n":"涟源市"}]},{"i":138,"n":"湘西土家族苗族自治州","areas":[{"i":1304,"n":"吉首市"},{"i":1305,"n":"泸溪县"},{"i":1306,"n":"凤凰县"},{"i":1307,"n":"花垣县"},{"i":1308,"n":"保靖县"},{"i":1309,"n":"古丈县"},{"i":1310,"n":"永顺县"},{"i":1311,"n":"龙山县"}]}]},{"i":15,"n":"海南","cities":[{"i":139,"n":"海口市","areas":[{"i":1312,"n":"秀英区"},{"i":1313,"n":"龙华区"},{"i":1314,"n":"琼山区"},{"i":1315,"n":"美兰区"}]},{"i":140,"n":"三亚市","areas":[{"i":1316,"n":"三亚市"}]},{"i":141,"n":"五指山市","areas":[{"i":1317,"n":"五指山市"}]},{"i":142,"n":"琼海市","areas":[{"i":1318,"n":"琼海市"}]},{"i":143,"n":"儋州市","areas":[{"i":1319,"n":"儋州市"}]},{"i":144,"n":"文昌市","areas":[{"i":1320,"n":"文昌市"}]},{"i":145,"n":"万宁市","areas":[{"i":1321,"n":"万宁市"}]},{"i":146,"n":"东方市","areas":[{"i":1322,"n":"东方市"}]},{"i":147,"n":"定安县","areas":[{"i":1323,"n":"定安县"}]},{"i":148,"n":"屯昌县","areas":[{"i":1324,"n":"屯昌县"}]},{"i":149,"n":"澄迈县","areas":[{"i":1325,"n":"澄迈县"}]},{"i":150,"n":"临高县","areas":[{"i":1326,"n":"临高县"}]},{"i":151,"n":"白沙黎族自治县","areas":[{"i":1327,"n":"白沙黎族自治县"}]},{"i":152,"n":"昌江黎族自治县","areas":[{"i":1328,"n":"昌江黎族自治县"}]},{"i":153,"n":"乐东黎族自治县","areas":[{"i":1329,"n":"乐东黎族自治县"}]},{"i":154,"n":"陵水黎族自治县","areas":[{"i":1330,"n":"陵水黎族自治县"}]},{"i":155,"n":"保亭黎族苗族自治县","areas":[{"i":1331,"n":"保亭黎族苗族自治县"}]},{"i":156,"n":"琼中黎族苗族自治县","areas":[{"i":1332,"n":"琼中黎族苗族自治县"}]}]},{"i":16,"n":"江苏","cities":[{"i":157,"n":"南京市","areas":[{"i":1333,"n":"玄武区"},{"i":1334,"n":"白下区"},{"i":1335,"n":"秦淮区"},{"i":1336,"n":"建邺区"},{"i":1337,"n":"鼓楼区"},{"i":1338,"n":"下关区"},{"i":1339,"n":"浦口区"},{"i":1340,"n":"栖霞区"},{"i":1341,"n":"雨花台区"},{"i":1342,"n":"江宁区"},{"i":1343,"n":"六合区"},{"i":1344,"n":"溧水县"},{"i":1345,"n":"高淳县"}]},{"i":158,"n":"无锡市","areas":[{"i":1346,"n":"崇安区"},{"i":1347,"n":"南长区"},{"i":1348,"n":"北塘区"},{"i":1349,"n":"锡山区"},{"i":1350,"n":"惠山区"},{"i":1351,"n":"滨湖区"},{"i":1352,"n":"江阴市"},{"i":1353,"n":"宜兴市"}]},{"i":159,"n":"徐州市","areas":[{"i":1354,"n":"鼓楼区"},{"i":1355,"n":"云龙区"},{"i":1356,"n":"九里区"},{"i":1357,"n":"贾汪区"},{"i":1358,"n":"泉山区"},{"i":1359,"n":"丰县"},{"i":1360,"n":"沛县"},{"i":1361,"n":"铜山县"},{"i":1362,"n":"睢宁县"},{"i":1363,"n":"新沂市"},{"i":1364,"n":"邳州市"}]},{"i":160,"n":"常州市","areas":[{"i":1365,"n":"天宁区"},{"i":1366,"n":"钟楼区"},{"i":1367,"n":"戚墅堰区"},{"i":1368,"n":"新北区"},{"i":1369,"n":"武进区"},{"i":1370,"n":"溧阳市"},{"i":1371,"n":"金坛市"}]},{"i":161,"n":"苏州市","areas":[{"i":1372,"n":"沧浪区"},{"i":1373,"n":"平江区"},{"i":1374,"n":"金阊区"},{"i":1375,"n":"虎丘区"},{"i":1376,"n":"吴中区"},{"i":1377,"n":"相城区"},{"i":1378,"n":"常熟市"},{"i":1379,"n":"张家港市"},{"i":1380,"n":"昆山市"},{"i":1381,"n":"吴江市"},{"i":1382,"n":"太仓市"}]},{"i":162,"n":"南通市","areas":[{"i":1383,"n":"崇川区"},{"i":1384,"n":"港闸区"},{"i":1385,"n":"海安县"},{"i":1386,"n":"如东县"},{"i":1387,"n":"启东市"},{"i":1388,"n":"如皋市"},{"i":1389,"n":"通州市"},{"i":1390,"n":"海门市"}]},{"i":163,"n":"连云港市","areas":[{"i":1391,"n":"连云区"},{"i":1392,"n":"新浦区"},{"i":1393,"n":"海州区"},{"i":1394,"n":"赣榆县"},{"i":1395,"n":"东海县"},{"i":1396,"n":"灌云县"},{"i":1397,"n":"灌南县"}]},{"i":164,"n":"淮安市","areas":[{"i":1398,"n":"清河区"},{"i":1399,"n":"楚州区"},{"i":1400,"n":"淮阴区"},{"i":1401,"n":"清浦区"},{"i":1402,"n":"涟水县"},{"i":1403,"n":"洪泽县"},{"i":1404,"n":"盱眙县"},{"i":1405,"n":"金湖县"}]},{"i":165,"n":"盐城市","areas":[{"i":1406,"n":"亭湖区"},{"i":1407,"n":"盐都区"},{"i":1408,"n":"响水县"},{"i":1409,"n":"滨海县"},{"i":1410,"n":"阜宁县"},{"i":1411,"n":"射阳县"},{"i":1412,"n":"建湖县"},{"i":1413,"n":"东台市"},{"i":1414,"n":"大丰市"}]},{"i":166,"n":"扬州市","areas":[{"i":1415,"n":"广陵区"},{"i":1416,"n":"邗江区"},{"i":1417,"n":"维扬区"},{"i":1418,"n":"宝应县"},{"i":1419,"n":"仪征市"},{"i":1420,"n":"高邮市"},{"i":1421,"n":"江都市"}]},{"i":167,"n":"镇江市","areas":[{"i":1422,"n":"京口区"},{"i":1423,"n":"润州区"},{"i":1424,"n":"丹徒区"},{"i":1425,"n":"丹阳市"},{"i":1426,"n":"扬中市"},{"i":1427,"n":"句容市"}]},{"i":168,"n":"泰州市","areas":[{"i":1428,"n":"海陵区"},{"i":1429,"n":"高港区"},{"i":1430,"n":"兴化市"},{"i":1431,"n":"靖江市"},{"i":1432,"n":"泰兴市"},{"i":1433,"n":"姜堰市"}]},{"i":169,"n":"宿迁市","areas":[{"i":1434,"n":"宿城区"},{"i":1435,"n":"宿豫区"},{"i":1436,"n":"沭阳县"},{"i":1437,"n":"泗阳县"},{"i":1438,"n":"泗洪县"}]}]},{"i":17,"n":"江西","cities":[{"i":170,"n":"南昌市","areas":[{"i":1439,"n":"东湖区"},{"i":1440,"n":"西湖区"},{"i":1441,"n":"青云谱区"},{"i":1442,"n":"湾里区"},{"i":1443,"n":"青山湖区"},{"i":1444,"n":"南昌县"},{"i":1445,"n":"新建县"},{"i":1446,"n":"安义县"},{"i":1447,"n":"进贤县"},{"i":1448,"n":"经济技术开发区"},{"i":1449,"n":"红谷滩新区"}]},{"i":171,"n":"景德镇市","areas":[{"i":1450,"n":"昌江区"},{"i":1451,"n":"珠山区"},{"i":1452,"n":"浮梁县"},{"i":1453,"n":"乐平市"}]},{"i":172,"n":"萍乡市","areas":[{"i":1454,"n":"安源区"},{"i":1455,"n":"湘东区"},{"i":1456,"n":"莲花县"},{"i":1457,"n":"上栗县"},{"i":1458,"n":"芦溪县"}]},{"i":173,"n":"九江市","areas":[{"i":1459,"n":"庐山区"},{"i":1460,"n":"浔阳区"},{"i":1461,"n":"九江县"},{"i":1462,"n":"武宁县"},{"i":1463,"n":"修水县"},{"i":1464,"n":"永修县"},{"i":1465,"n":"德安县"},{"i":1466,"n":"星子县"},{"i":1467,"n":"都昌县"},{"i":1468,"n":"湖口县"},{"i":1469,"n":"彭泽县"},{"i":1470,"n":"瑞昌市"}]},{"i":174,"n":"新余市","areas":[{"i":1471,"n":"渝水区"},{"i":1472,"n":"分宜县"}]},{"i":175,"n":"鹰潭市","areas":[{"i":1473,"n":"月湖区"},{"i":1474,"n":"余江县"},{"i":1475,"n":"贵溪市"}]},{"i":176,"n":"赣州市","areas":[{"i":1476,"n":"章贡区"},{"i":1477,"n":"赣县"},{"i":1478,"n":"信丰县"},{"i":1479,"n":"大余县"},{"i":1480,"n":"上犹县"},{"i":1481,"n":"崇义县"},{"i":1482,"n":"安远县"},{"i":1483,"n":"龙南县"},{"i":1484,"n":"定南县"},{"i":1485,"n":"全南县"},{"i":1486,"n":"宁都县"},{"i":1487,"n":"于都县"},{"i":1488,"n":"兴国县"},{"i":1489,"n":"会昌县"},{"i":1490,"n":"寻乌县"},{"i":1491,"n":"石城县"},{"i":1492,"n":"瑞金市"},{"i":1493,"n":"南康市"}]},{"i":177,"n":"吉安市","areas":[{"i":1494,"n":"吉州区"},{"i":1495,"n":"青原区"},{"i":1496,"n":"吉安县"},{"i":1497,"n":"吉水县"},{"i":1498,"n":"峡江县"},{"i":1499,"n":"新干县"},{"i":1500,"n":"永丰县"},{"i":1501,"n":"泰和县"},{"i":1502,"n":"遂川县"},{"i":1503,"n":"万安县"},{"i":1504,"n":"安福县"},{"i":1505,"n":"永新县"},{"i":1506,"n":"井冈山市"}]},{"i":178,"n":"宜春市","areas":[{"i":1507,"n":"袁州区"},{"i":1508,"n":"奉新县"},{"i":1509,"n":"万载县"},{"i":1510,"n":"上高县"},{"i":1511,"n":"宜丰县"},{"i":1512,"n":"靖安县"},{"i":1513,"n":"铜鼓县"},{"i":1514,"n":"丰城市"},{"i":1515,"n":"樟树市"},{"i":1516,"n":"高安市"}]},{"i":179,"n":"抚州市","areas":[{"i":1517,"n":"临川区"},{"i":1518,"n":"南城县"},{"i":1519,"n":"黎川县"},{"i":1520,"n":"南丰县"},{"i":1521,"n":"崇仁县"},{"i":1522,"n":"乐安县"},{"i":1523,"n":"宜黄县"},{"i":1524,"n":"金溪县"},{"i":1525,"n":"资溪县"},{"i":1526,"n":"东乡县"},{"i":1527,"n":"广昌县"}]},{"i":180,"n":"上饶市","areas":[{"i":1528,"n":"信州区"},{"i":1529,"n":"上饶县"},{"i":1530,"n":"广丰县"},{"i":1531,"n":"玉山县"},{"i":1532,"n":"铅山县"},{"i":1533,"n":"横峰县"},{"i":1534,"n":"弋阳县"},{"i":1535,"n":"余干县"},{"i":1536,"n":"鄱阳县"},{"i":1537,"n":"万年县"},{"i":1538,"n":"婺源县"},{"i":1539,"n":"德兴市"}]}]},{"i":18,"n":"广东","cities":[{"i":181,"n":"广州市","areas":[{"i":1540,"n":"荔湾区"},{"i":1541,"n":"越秀区"},{"i":1542,"n":"海珠区"},{"i":1543,"n":"天河区"},{"i":1544,"n":"白云区"},{"i":1545,"n":"黄埔区"},{"i":1546,"n":"番禺区"},{"i":1547,"n":"花都区"},{"i":1548,"n":"南沙区"},{"i":1549,"n":"萝岗区"},{"i":1550,"n":"黄浦区"},{"i":1551,"n":"增城市"},{"i":1552,"n":"从化市"}]},{"i":182,"n":"韶关市","areas":[{"i":1553,"n":"武江区"},{"i":1554,"n":"浈江区"},{"i":1555,"n":"曲江区"},{"i":1556,"n":"始兴县"},{"i":1557,"n":"仁化县"},{"i":1558,"n":"翁源县"},{"i":1559,"n":"乳源瑶族自治县"},{"i":1560,"n":"新丰县"},{"i":1561,"n":"乐昌市"},{"i":1562,"n":"南雄市"}]},{"i":183,"n":"深圳市","areas":[{"i":1563,"n":"罗湖区"},{"i":1564,"n":"福田区"},{"i":1565,"n":"南山区"},{"i":1566,"n":"宝安区"},{"i":1567,"n":"龙岗区"},{"i":1568,"n":"盐田区"}]},{"i":184,"n":"珠海市","areas":[{"i":1569,"n":"香洲区"},{"i":1570,"n":"斗门区"},{"i":1571,"n":"金湾区"}]},{"i":185,"n":"汕头市","areas":[{"i":1572,"n":"龙湖区"},{"i":1573,"n":"金平区"},{"i":1574,"n":"濠江区"},{"i":1575,"n":"潮阳区"},{"i":1576,"n":"潮南区"},{"i":1577,"n":"澄海区"},{"i":1578,"n":"南澳县"}]},{"i":186,"n":"佛山市","areas":[{"i":1579,"n":"禅城区"},{"i":1580,"n":"南海区"},{"i":1581,"n":"顺德区"},{"i":1582,"n":"三水区"},{"i":1583,"n":"高明区"}]},{"i":187,"n":"江门市","areas":[{"i":1584,"n":"蓬江区"},{"i":1585,"n":"江海区"},{"i":1586,"n":"新会区"},{"i":1587,"n":"台山市"},{"i":1588,"n":"开平市"},{"i":1589,"n":"鹤山市"},{"i":1590,"n":"恩平市"}]},{"i":188,"n":"湛江市","areas":[{"i":1591,"n":"赤坎区"},{"i":1592,"n":"霞山区"},{"i":1593,"n":"坡头区"},{"i":1594,"n":"麻章区"},{"i":1595,"n":"遂溪县"},{"i":1596,"n":"徐闻县"},{"i":1597,"n":"廉江市"},{"i":1598,"n":"雷州市"},{"i":1599,"n":"吴川市"}]},{"i":189,"n":"茂名市","areas":[{"i":1600,"n":"茂南区"},{"i":1601,"n":"茂港区"},{"i":1602,"n":"电白县"},{"i":1603,"n":"高州市"},{"i":1604,"n":"化州市"},{"i":1605,"n":"信宜市"}]},{"i":190,"n":"肇庆市","areas":[{"i":1606,"n":"端州区"},{"i":1607,"n":"鼎湖区"},{"i":1608,"n":"广宁县"},{"i":1609,"n":"怀集县"},{"i":1610,"n":"封开县"},{"i":1611,"n":"德庆县"},{"i":1612,"n":"高要市"},{"i":1613,"n":"四会市"}]},{"i":191,"n":"惠州市","areas":[{"i":1614,"n":"惠城区"},{"i":1615,"n":"惠阳区"},{"i":1616,"n":"博罗县"},{"i":1617,"n":"惠东县"},{"i":1618,"n":"龙门县"}]},{"i":192,"n":"梅州市","areas":[{"i":1619,"n":"梅江区"},{"i":1620,"n":"梅县"},{"i":1621,"n":"大埔县"},{"i":1622,"n":"丰顺县"},{"i":1623,"n":"五华县"},{"i":1624,"n":"平远县"},{"i":1625,"n":"蕉岭县"},{"i":1626,"n":"兴宁市"}]},{"i":193,"n":"汕尾市","areas":[{"i":1627,"n":"城区"},{"i":1628,"n":"海丰县"},{"i":1629,"n":"陆河县"},{"i":1630,"n":"陆丰市"}]},{"i":194,"n":"河源市","areas":[{"i":1631,"n":"源城区"},{"i":1632,"n":"紫金县"},{"i":1633,"n":"龙川县"},{"i":1634,"n":"连平县"},{"i":1635,"n":"和平县"},{"i":1636,"n":"东源县"}]},{"i":195,"n":"阳江市","areas":[{"i":1637,"n":"江城区"},{"i":1638,"n":"阳西县"},{"i":1639,"n":"阳东县"},{"i":1640,"n":"阳春市"}]},{"i":196,"n":"清远市","areas":[{"i":1641,"n":"清城区"},{"i":1642,"n":"佛冈县"},{"i":1643,"n":"阳山县"},{"i":1644,"n":"连山壮族瑶族自治县"},{"i":1645,"n":"连南瑶族自治县"},{"i":1646,"n":"清新县"},{"i":1647,"n":"英德市"},{"i":1648,"n":"连州市"}]},{"i":197,"n":"东莞市","areas":[{"i":1649,"n":"东莞市"}]},{"i":198,"n":"中山市","areas":[{"i":1650,"n":"中山市"}]},{"i":199,"n":"潮州市","areas":[{"i":1651,"n":"湘桥区"},{"i":1652,"n":"潮安县"},{"i":1653,"n":"饶平县"}]},{"i":200,"n":"揭阳市","areas":[{"i":1654,"n":"榕城区"},{"i":1655,"n":"揭东县"},{"i":1656,"n":"揭西县"},{"i":1657,"n":"惠来县"},{"i":1658,"n":"普宁市"}]},{"i":201,"n":"云浮市","areas":[{"i":1659,"n":"云城区"},{"i":1660,"n":"新兴县"},{"i":1661,"n":"郁南县"},{"i":1662,"n":"云安县"},{"i":1663,"n":"罗定市"}]}]},{"i":19,"n":"广西","cities":[{"i":202,"n":"南宁市","areas":[{"i":1664,"n":"兴宁区"},{"i":1665,"n":"青秀区"},{"i":1666,"n":"江南区"},{"i":1667,"n":"西乡塘区"},{"i":1668,"n":"良庆区"},{"i":1669,"n":"邕宁区"},{"i":1670,"n":"武鸣县"},{"i":1671,"n":"隆安县"},{"i":1672,"n":"马山县"},{"i":1673,"n":"上林县"},{"i":1674,"n":"宾阳县"},{"i":1675,"n":"横县"}]},{"i":203,"n":"柳州市","areas":[{"i":1676,"n":"城中区"},{"i":1677,"n":"鱼峰区"},{"i":1678,"n":"柳南区"},{"i":1679,"n":"柳北区"},{"i":1680,"n":"柳江县"},{"i":1681,"n":"柳城县"},{"i":1682,"n":"鹿寨县"},{"i":1683,"n":"融安县"},{"i":1684,"n":"融水苗族自治县"},{"i":1685,"n":"三江侗族自治县"},{"i":1686,"n":"柳东新区"}]},{"i":204,"n":"桂林市","areas":[{"i":1687,"n":"秀峰区"},{"i":1688,"n":"叠彩区"},{"i":1689,"n":"象山区"},{"i":1690,"n":"七星区"},{"i":1691,"n":"雁山区"},{"i":1692,"n":"阳朔县"},{"i":1693,"n":"临桂县"},{"i":1694,"n":"灵川县"},{"i":1695,"n":"全州县"},{"i":1696,"n":"兴安县"},{"i":1697,"n":"永福县"},{"i":1698,"n":"灌阳县"},{"i":1699,"n":"龙胜各族自治县"},{"i":1700,"n":"资源县"},{"i":1701,"n":"平乐县"},{"i":1702,"n":"荔浦县"},{"i":1703,"n":"恭城瑶族自治县"}]},{"i":205,"n":"梧州市","areas":[{"i":1704,"n":"万秀区"},{"i":1705,"n":"蝶山区"},{"i":1706,"n":"长洲区"},{"i":1707,"n":"苍梧县"},{"i":1708,"n":"藤县"},{"i":1709,"n":"蒙山县"},{"i":1710,"n":"岑溪市"}]},{"i":206,"n":"北海市","areas":[{"i":1711,"n":"海城区"},{"i":1712,"n":"银海区"},{"i":1713,"n":"铁山港区"},{"i":1714,"n":"合浦县"}]},{"i":207,"n":"防城港市","areas":[{"i":1715,"n":"港口区"},{"i":1716,"n":"防城区"},{"i":1717,"n":"上思县"},{"i":1718,"n":"东兴市"}]},{"i":208,"n":"钦州市","areas":[{"i":1719,"n":"钦南区"},{"i":1720,"n":"钦北区"},{"i":1721,"n":"灵山县"},{"i":1722,"n":"浦北县"}]},{"i":209,"n":"贵港市","areas":[{"i":1723,"n":"港北区"},{"i":1724,"n":"港南区"},{"i":1725,"n":"覃塘区"},{"i":1726,"n":"平南县"},{"i":1727,"n":"桂平市"}]},{"i":210,"n":"玉林市","areas":[{"i":1728,"n":"玉州区"},{"i":1729,"n":"容县"},{"i":1730,"n":"陆川县"},{"i":1731,"n":"博白县"},{"i":1732,"n":"兴业县"},{"i":1733,"n":"北流市"}]},{"i":211,"n":"百色市","areas":[{"i":1734,"n":"右江区"},{"i":1735,"n":"田阳县"},{"i":1736,"n":"田东县"},{"i":1737,"n":"平果县"},{"i":1738,"n":"德保县"},{"i":1739,"n":"靖西县"},{"i":1740,"n":"那坡县"},{"i":1741,"n":"凌云县"},{"i":1742,"n":"乐业县"},{"i":1743,"n":"田林县"},{"i":1744,"n":"西林县"},{"i":1745,"n":"隆林各族自治县"}]},{"i":212,"n":"贺州市","areas":[{"i":1746,"n":"八步区"},{"i":1747,"n":"昭平县"},{"i":1748,"n":"钟山县"},{"i":1749,"n":"富川瑶族自治县"}]},{"i":213,"n":"河池市","areas":[{"i":1750,"n":"金城江区"},{"i":1751,"n":"南丹县"},{"i":1752,"n":"天峨县"},{"i":1753,"n":"凤山县"},{"i":1754,"n":"东兰县"},{"i":1755,"n":"罗城仫佬族自治县"},{"i":1756,"n":"环江毛南族自治县"},{"i":1757,"n":"巴马瑶族自治县"},{"i":1758,"n":"都安瑶族自治县"},{"i":1759,"n":"大化瑶族自治县"},{"i":1760,"n":"宜州市"}]},{"i":214,"n":"来宾市","areas":[{"i":1761,"n":"兴宾区"},{"i":1762,"n":"忻城县"},{"i":1763,"n":"象州县"},{"i":1764,"n":"武宣县"},{"i":1765,"n":"金秀瑶族自治县"},{"i":1766,"n":"合山市"}]},{"i":215,"n":"崇左市","areas":[{"i":1767,"n":"江州区"},{"i":1768,"n":"扶绥县"},{"i":1769,"n":"宁明县"},{"i":1770,"n":"龙州县"},{"i":1771,"n":"大新县"},{"i":1772,"n":"天等县"},{"i":1773,"n":"凭祥市"}]}]},{"i":20,"n":"云南","cities":[{"i":216,"n":"昆明市","areas":[{"i":1774,"n":"五华区"},{"i":1775,"n":"盘龙区"},{"i":1776,"n":"官渡区"},{"i":1777,"n":"西山区"},{"i":1778,"n":"东川区"},{"i":1779,"n":"呈贡县"},{"i":1780,"n":"晋宁县"},{"i":1781,"n":"富民县"},{"i":1782,"n":"宜良县"},{"i":1783,"n":"石林彝族自治县"},{"i":1784,"n":"嵩明县"},{"i":1785,"n":"禄劝彝族苗族自治县"},{"i":1786,"n":"寻甸回族彝族自治县"},{"i":1787,"n":"安宁市"}]},{"i":217,"n":"曲靖市","areas":[{"i":1788,"n":"麒麟区"},{"i":1789,"n":"马龙县"},{"i":1790,"n":"陆良县"},{"i":1791,"n":"师宗县"},{"i":1792,"n":"罗平县"},{"i":1793,"n":"富源县"},{"i":1794,"n":"会泽县"},{"i":1795,"n":"沾益县"},{"i":1796,"n":"宣威市"}]},{"i":218,"n":"玉溪市","areas":[{"i":1797,"n":"红塔区"},{"i":1798,"n":"江川县"},{"i":1799,"n":"澄江县"},{"i":1800,"n":"通海县"},{"i":1801,"n":"华宁县"},{"i":1802,"n":"易门县"},{"i":1803,"n":"峨山彝族自治县"},{"i":1804,"n":"新平彝族傣族自治县"},{"i":1805,"n":"元江哈尼族彝族傣族自治县"}]},{"i":219,"n":"保山市","areas":[{"i":1806,"n":"隆阳区"},{"i":1807,"n":"施甸县"},{"i":1808,"n":"腾冲县"},{"i":1809,"n":"龙陵县"},{"i":1810,"n":"昌宁县"}]},{"i":220,"n":"昭通市","areas":[{"i":1811,"n":"昭阳区"},{"i":1812,"n":"鲁甸县"},{"i":1813,"n":"巧家县"},{"i":1814,"n":"盐津县"},{"i":1815,"n":"大关县"},{"i":1816,"n":"永善县"},{"i":1817,"n":"绥江县"},{"i":1818,"n":"镇雄县"},{"i":1819,"n":"彝良县"},{"i":1820,"n":"威信县"},{"i":1821,"n":"水富县"}]},{"i":221,"n":"丽江市","areas":[{"i":1822,"n":"古城区"},{"i":1823,"n":"玉龙纳西族自治县"},{"i":1824,"n":"永胜县"},{"i":1825,"n":"华坪县"},{"i":1826,"n":"宁蒗彝族自治县"}]},{"i":222,"n":"普洱市","areas":[{"i":1827,"n":"思茅区"},{"i":1828,"n":"普洱哈尼族彝族自治县"},{"i":1829,"n":"墨江哈尼族自治县"},{"i":1830,"n":"景东彝族自治县"},{"i":1831,"n":"景谷傣族彝族自治县"},{"i":1832,"n":"镇沅彝族哈尼族拉祜族自治县"},{"i":1833,"n":"江城哈尼族彝族自治县"},{"i":1834,"n":"孟连傣族拉祜族佤族自治县"},{"i":1835,"n":"澜沧拉祜族自治县"},{"i":1836,"n":"西盟佤族自治县"}]},{"i":223,"n":"临沧市","areas":[{"i":1837,"n":"临翔区"},{"i":1838,"n":"凤庆县"},{"i":1839,"n":"云县"},{"i":1840,"n":"永德县"},{"i":1841,"n":"镇康县"},{"i":1842,"n":"双江拉祜族佤族布朗族傣族自治县"},{"i":1843,"n":"耿马傣族佤族自治县"},{"i":1844,"n":"沧源佤族自治县"}]},{"i":224,"n":"楚雄彝族自治州","areas":[{"i":1845,"n":"楚雄市"},{"i":1846,"n":"双柏县"},{"i":1847,"n":"牟定县"},{"i":1848,"n":"南华县"},{"i":1849,"n":"姚安县"},{"i":1850,"n":"大姚县"},{"i":1851,"n":"永仁县"},{"i":1852,"n":"元谋县"},{"i":1853,"n":"武定县"},{"i":1854,"n":"禄丰县"}]},{"i":225,"n":"红河哈尼族彝族自治州","areas":[{"i":1855,"n":"个旧市"},{"i":1856,"n":"开远市"},{"i":1857,"n":"蒙自县"},{"i":1858,"n":"屏边苗族自治县"},{"i":1859,"n":"建水县"},{"i":1860,"n":"石屏县"},{"i":1861,"n":"弥勒县"},{"i":1862,"n":"泸西县"},{"i":1863,"n":"元阳县"},{"i":1864,"n":"红河县"},{"i":1865,"n":"金平苗族瑶族傣族自治县"},{"i":1866,"n":"绿春县"},{"i":1867,"n":"河口瑶族自治县"}]},{"i":226,"n":"文山壮族苗族自治州","areas":[{"i":1868,"n":"文山县"},{"i":1869,"n":"砚山县"},{"i":1870,"n":"西畴县"},{"i":1871,"n":"麻栗坡县"},{"i":1872,"n":"马关县"},{"i":1873,"n":"丘北县"},{"i":1874,"n":"广南县"},{"i":1875,"n":"富宁县"}]},{"i":227,"n":"西双版纳傣族自治州","areas":[{"i":1876,"n":"景洪市"},{"i":1877,"n":"勐海县"},{"i":1878,"n":"勐腊县"}]},{"i":228,"n":"大理白族自治州","areas":[{"i":1879,"n":"大理市"},{"i":1880,"n":"漾濞彝族自治县"},{"i":1881,"n":"祥云县"},{"i":1882,"n":"宾川县"},{"i":1883,"n":"弥渡县"},{"i":1884,"n":"南涧彝族自治县"},{"i":1885,"n":"巍山彝族回族自治县"},{"i":1886,"n":"永平县"},{"i":1887,"n":"云龙县"},{"i":1888,"n":"洱源县"},{"i":1889,"n":"剑川县"},{"i":1890,"n":"鹤庆县"}]},{"i":229,"n":"德宏傣族景颇族自治州","areas":[{"i":1891,"n":"瑞丽市"},{"i":1892,"n":"潞西市"},{"i":1893,"n":"梁河县"},{"i":1894,"n":"盈江县"},{"i":1895,"n":"陇川县"}]},{"i":230,"n":"怒江傈僳族自治州","areas":[{"i":1896,"n":"泸水县"},{"i":1897,"n":"福贡县"},{"i":1898,"n":"贡山独龙族怒族自治县"},{"i":1899,"n":"兰坪白族普米族自治县"}]},{"i":231,"n":"迪庆藏族自治州","areas":[{"i":1900,"n":"香格里拉县"},{"i":1901,"n":"德钦县"},{"i":1902,"n":"维西傈僳族自治县"}]}]},{"i":21,"n":"贵州","cities":[{"i":232,"n":"贵阳市","areas":[{"i":1903,"n":"南明区"},{"i":1904,"n":"云岩区"},{"i":1905,"n":"花溪区"},{"i":1906,"n":"乌当区"},{"i":1907,"n":"白云区"},{"i":1908,"n":"小河区"},{"i":1909,"n":"开阳县"},{"i":1910,"n":"息烽县"},{"i":1911,"n":"修文县"},{"i":1912,"n":"清镇市"}]},{"i":233,"n":"六盘水市","areas":[{"i":1913,"n":"钟山区"},{"i":1914,"n":"六枝特区"},{"i":1915,"n":"水城县"},{"i":1916,"n":"盘县"}]},{"i":234,"n":"遵义市","areas":[{"i":1917,"n":"红花岗区"},{"i":1918,"n":"汇川区"},{"i":1919,"n":"遵义县"},{"i":1920,"n":"桐梓县"},{"i":1921,"n":"绥阳县"},{"i":1922,"n":"正安县"},{"i":1923,"n":"道真仡佬族苗族自治县"},{"i":1924,"n":"务川仡佬族苗族自治县"},{"i":1925,"n":"凤冈县"},{"i":1926,"n":"湄潭县"},{"i":1927,"n":"余庆县"},{"i":1928,"n":"习水县"},{"i":1929,"n":"赤水市"},{"i":1930,"n":"仁怀市"}]},{"i":235,"n":"安顺市","areas":[{"i":1931,"n":"西秀区"},{"i":1932,"n":"平坝县"},{"i":1933,"n":"普定县"},{"i":1934,"n":"镇宁布依族苗族自治县"},{"i":1935,"n":"关岭布依族苗族自治县"},{"i":1936,"n":"紫云苗族布依族自治县"}]},{"i":236,"n":"铜仁地区","areas":[{"i":1937,"n":"铜仁市"},{"i":1938,"n":"江口县"},{"i":1939,"n":"玉屏侗族自治县"},{"i":1940,"n":"石阡县"},{"i":1941,"n":"思南县"},{"i":1942,"n":"印江土家族苗族自治县"},{"i":1943,"n":"德江县"},{"i":1944,"n":"沿河土家族自治县"},{"i":1945,"n":"松桃苗族自治县"},{"i":1946,"n":"万山特区"}]},{"i":237,"n":"黔西南布依族苗族自治州","areas":[{"i":1947,"n":"兴义市"},{"i":1948,"n":"兴仁县"},{"i":1949,"n":"普安县"},{"i":1950,"n":"晴隆县"},{"i":1951,"n":"贞丰县"},{"i":1952,"n":"望谟县"},{"i":1953,"n":"册亨县"},{"i":1954,"n":"安龙县"}]},{"i":238,"n":"毕节地区","areas":[{"i":1955,"n":"毕节市"},{"i":1956,"n":"大方县"},{"i":1957,"n":"黔西县"},{"i":1958,"n":"金沙县"},{"i":1959,"n":"织金县"},{"i":1960,"n":"纳雍县"},{"i":1961,"n":"威宁彝族回族苗族自治县"},{"i":1962,"n":"赫章县"}]},{"i":239,"n":"黔东南苗族侗族自治州","areas":[{"i":1963,"n":"凯里市"},{"i":1964,"n":"黄平县"},{"i":1965,"n":"施秉县"},{"i":1966,"n":"三穗县"},{"i":1967,"n":"镇远县"},{"i":1968,"n":"岑巩县"},{"i":1969,"n":"天柱县"},{"i":1970,"n":"锦屏县"},{"i":1971,"n":"剑河县"},{"i":1972,"n":"台江县"},{"i":1973,"n":"黎平县"},{"i":1974,"n":"榕江县"},{"i":1975,"n":"从江县"},{"i":1976,"n":"雷山县"},{"i":1977,"n":"麻江县"},{"i":1978,"n":"丹寨县"}]},{"i":240,"n":"黔南布依族苗族自治州","areas":[{"i":1979,"n":"都匀市"},{"i":1980,"n":"福泉市"},{"i":1981,"n":"荔波县"},{"i":1982,"n":"贵定县"},{"i":1983,"n":"瓮安县"},{"i":1984,"n":"独山县"},{"i":1985,"n":"平塘县"},{"i":1986,"n":"罗甸县"},{"i":1987,"n":"长顺县"},{"i":1988,"n":"龙里县"},{"i":1989,"n":"惠水县"},{"i":1990,"n":"三都水族自治县"}]}]},{"i":22,"n":"四川","cities":[{"i":241,"n":"成都市","areas":[{"i":1991,"n":"锦江区"},{"i":1992,"n":"青羊区"},{"i":1993,"n":"金牛区"},{"i":1994,"n":"武侯区"},{"i":1995,"n":"成华区"},{"i":1996,"n":"龙泉驿区"},{"i":1997,"n":"青白江区"},{"i":1998,"n":"新都区"},{"i":1999,"n":"温江区"},{"i":2000,"n":"金堂县"},{"i":2001,"n":"双流县"},{"i":2002,"n":"郫县"},{"i":2003,"n":"大邑县"},{"i":2004,"n":"蒲江县"},{"i":2005,"n":"新津县"},{"i":2006,"n":"都江堰市"},{"i":2007,"n":"彭州市"},{"i":2008,"n":"邛崃市"},{"i":2009,"n":"崇州市"}]},{"i":242,"n":"自贡市","areas":[{"i":2010,"n":"自流井区"},{"i":2011,"n":"贡井区"},{"i":2012,"n":"大安区"},{"i":2013,"n":"沿滩区"},{"i":2014,"n":"荣县"},{"i":2015,"n":"富顺县"}]},{"i":243,"n":"攀枝花市","areas":[{"i":2016,"n":"东区"},{"i":2017,"n":"西区"},{"i":2018,"n":"仁和区"},{"i":2019,"n":"米易县"},{"i":2020,"n":"盐边县"}]},{"i":244,"n":"泸州市","areas":[{"i":2021,"n":"江阳区"},{"i":2022,"n":"纳溪区"},{"i":2023,"n":"龙马潭区"},{"i":2024,"n":"泸县"},{"i":2025,"n":"合江县"},{"i":2026,"n":"叙永县"},{"i":2027,"n":"古蔺县"}]},{"i":245,"n":"德阳市","areas":[{"i":2028,"n":"旌阳区"},{"i":2029,"n":"中江县"},{"i":2030,"n":"罗江县"},{"i":2031,"n":"广汉市"},{"i":2032,"n":"什邡市"},{"i":2033,"n":"绵竹市"}]},{"i":246,"n":"绵阳市","areas":[{"i":2034,"n":"涪城区"},{"i":2035,"n":"游仙区"},{"i":2036,"n":"三台县"},{"i":2037,"n":"盐亭县"},{"i":2038,"n":"安县"},{"i":2039,"n":"梓潼县"},{"i":2040,"n":"北川羌族自治县"},{"i":2041,"n":"平武县"},{"i":2042,"n":"江油市"}]},{"i":247,"n":"广元市","areas":[{"i":2043,"n":"利州区"},{"i":2044,"n":"元坝区"},{"i":2045,"n":"朝天区"},{"i":2046,"n":"旺苍县"},{"i":2047,"n":"青川县"},{"i":2048,"n":"剑阁县"},{"i":2049,"n":"苍溪县"}]},{"i":248,"n":"遂宁市","areas":[{"i":2050,"n":"船山区"},{"i":2051,"n":"安居区"},{"i":2052,"n":"蓬溪县"},{"i":2053,"n":"射洪县"},{"i":2054,"n":"大英县"}]},{"i":249,"n":"内江市","areas":[{"i":2055,"n":"市中区"},{"i":2056,"n":"东兴区"},{"i":2057,"n":"威远县"},{"i":2058,"n":"资中县"},{"i":2059,"n":"隆昌县"}]},{"i":250,"n":"乐山市","areas":[{"i":2060,"n":"市中区"},{"i":2061,"n":"沙湾区"},{"i":2062,"n":"五通桥区"},{"i":2063,"n":"金口河区"},{"i":2064,"n":"犍为县"},{"i":2065,"n":"井研县"},{"i":2066,"n":"夹江县"},{"i":2067,"n":"沐川县"},{"i":2068,"n":"峨边彝族自治县"},{"i":2069,"n":"马边彝族自治县"},{"i":2070,"n":"峨眉山市"}]},{"i":251,"n":"南充市","areas":[{"i":2071,"n":"顺庆区"},{"i":2072,"n":"高坪区"},{"i":2073,"n":"嘉陵区"},{"i":2074,"n":"南部县"},{"i":2075,"n":"营山县"},{"i":2076,"n":"蓬安县"},{"i":2077,"n":"仪陇县"},{"i":2078,"n":"西充县"},{"i":2079,"n":"阆中市"}]},{"i":252,"n":"眉山市","areas":[{"i":2080,"n":"东坡区"},{"i":2081,"n":"仁寿县"},{"i":2082,"n":"彭山县"},{"i":2083,"n":"洪雅县"},{"i":2084,"n":"丹棱县"},{"i":2085,"n":"青神县"}]},{"i":253,"n":"宜宾市","areas":[{"i":2086,"n":"翠屏区"},{"i":2087,"n":"宜宾县"},{"i":2088,"n":"南溪县"},{"i":2089,"n":"江安县"},{"i":2090,"n":"长宁县"},{"i":2091,"n":"高县"},{"i":2092,"n":"珙县"},{"i":2093,"n":"筠连县"},{"i":2094,"n":"兴文县"},{"i":2095,"n":"屏山县"}]},{"i":254,"n":"广安市","areas":[{"i":2096,"n":"广安区"},{"i":2097,"n":"岳池县"},{"i":2098,"n":"武胜县"},{"i":2099,"n":"邻水县"},{"i":2100,"n":"华蓥市"}]},{"i":255,"n":"达州市","areas":[{"i":2101,"n":"通川区"},{"i":2102,"n":"达县"},{"i":2103,"n":"宣汉县"},{"i":2104,"n":"开江县"},{"i":2105,"n":"大竹县"},{"i":2106,"n":"渠县"},{"i":2107,"n":"万源市"}]},{"i":256,"n":"雅安市","areas":[{"i":2108,"n":"雨城区"},{"i":2109,"n":"名山县"},{"i":2110,"n":"荥经县"},{"i":2111,"n":"汉源县"},{"i":2112,"n":"石棉县"},{"i":2113,"n":"天全县"},{"i":2114,"n":"芦山县"},{"i":2115,"n":"宝兴县"}]},{"i":257,"n":"巴中市","areas":[{"i":2116,"n":"巴州区"},{"i":2117,"n":"通江县"},{"i":2118,"n":"南江县"},{"i":2119,"n":"平昌县"}]},{"i":258,"n":"资阳市","areas":[{"i":2120,"n":"雁江区"},{"i":2121,"n":"安岳县"},{"i":2122,"n":"乐至县"},{"i":2123,"n":"简阳市"}]},{"i":259,"n":"阿坝藏族羌族自治州","areas":[{"i":2124,"n":"汶川县"},{"i":2125,"n":"理县"},{"i":2126,"n":"茂县"},{"i":2127,"n":"松潘县"},{"i":2128,"n":"九寨沟县"},{"i":2129,"n":"金川县"},{"i":2130,"n":"小金县"},{"i":2131,"n":"黑水县"},{"i":2132,"n":"马尔康县"},{"i":2133,"n":"壤塘县"},{"i":2134,"n":"阿坝县"},{"i":2135,"n":"若尔盖县"},{"i":2136,"n":"红原县"}]},{"i":260,"n":"甘孜藏族自治州","areas":[{"i":2137,"n":"康定县"},{"i":2138,"n":"泸定县"},{"i":2139,"n":"丹巴县"},{"i":2140,"n":"九龙县"},{"i":2141,"n":"雅江县"},{"i":2142,"n":"道孚县"},{"i":2143,"n":"炉霍县"},{"i":2144,"n":"甘孜县"},{"i":2145,"n":"新龙县"},{"i":2146,"n":"德格县"},{"i":2147,"n":"白玉县"},{"i":2148,"n":"石渠县"},{"i":2149,"n":"色达县"},{"i":2150,"n":"理塘县"},{"i":2151,"n":"巴塘县"},{"i":2152,"n":"乡城县"},{"i":2153,"n":"稻城县"},{"i":2154,"n":"得荣县"}]},{"i":261,"n":"凉山彝族自治州","areas":[{"i":2155,"n":"西昌市"},{"i":2156,"n":"木里藏族自治县"},{"i":2157,"n":"盐源县"},{"i":2158,"n":"德昌县"},{"i":2159,"n":"会理县"},{"i":2160,"n":"会东县"},{"i":2161,"n":"宁南县"},{"i":2162,"n":"普格县"},{"i":2163,"n":"布拖县"},{"i":2164,"n":"金阳县"},{"i":2165,"n":"昭觉县"},{"i":2166,"n":"喜德县"},{"i":2167,"n":"冕宁县"},{"i":2168,"n":"越西县"},{"i":2169,"n":"甘洛县"},{"i":2170,"n":"美姑县"},{"i":2171,"n":"雷波县"}]}]},{"i":23,"n":"内蒙古","cities":[{"i":262,"n":"呼和浩特市","areas":[{"i":2172,"n":"新城区"},{"i":2173,"n":"回民区"},{"i":2174,"n":"玉泉区"},{"i":2175,"n":"赛罕区"},{"i":2176,"n":"土默特左旗"},{"i":2177,"n":"托克托县"},{"i":2178,"n":"和林格尔县"},{"i":2179,"n":"清水河县"},{"i":2180,"n":"武川县"}]},{"i":263,"n":"包头市","areas":[{"i":2181,"n":"东河区"},{"i":2182,"n":"昆都仑区"},{"i":2183,"n":"青山区"},{"i":2184,"n":"石拐区"},{"i":2185,"n":"白云矿区"},{"i":2186,"n":"九原区"},{"i":2187,"n":"土默特右旗"},{"i":2188,"n":"固阳县"},{"i":2189,"n":"达尔罕茂明安联合旗"}]},{"i":264,"n":"乌海市","areas":[{"i":2190,"n":"海勃湾区"},{"i":2191,"n":"海南区"},{"i":2192,"n":"乌达区"}]},{"i":265,"n":"赤峰市","areas":[{"i":2193,"n":"红山区"},{"i":2194,"n":"元宝山区"},{"i":2195,"n":"松山区"},{"i":2196,"n":"阿鲁科尔沁旗"},{"i":2197,"n":"巴林左旗"},{"i":2198,"n":"巴林右旗"},{"i":2199,"n":"林西县"},{"i":2200,"n":"克什克腾旗"},{"i":2201,"n":"翁牛特旗"},{"i":2202,"n":"喀喇沁旗"},{"i":2203,"n":"宁城县"},{"i":2204,"n":"敖汉旗"}]},{"i":266,"n":"通辽市","areas":[{"i":2205,"n":"科尔沁区"},{"i":2206,"n":"科尔沁左翼中旗"},{"i":2207,"n":"科尔沁左翼后旗"},{"i":2208,"n":"开鲁县"},{"i":2209,"n":"库伦旗"},{"i":2210,"n":"奈曼旗"},{"i":2211,"n":"扎鲁特旗"},{"i":2212,"n":"霍林郭勒市"}]},{"i":267,"n":"鄂尔多斯市","areas":[{"i":2213,"n":"东胜区"},{"i":2214,"n":"达拉特旗"},{"i":2215,"n":"准格尔旗"},{"i":2216,"n":"鄂托克前旗"},{"i":2217,"n":"鄂托克旗"},{"i":2218,"n":"杭锦旗"},{"i":2219,"n":"乌审旗"},{"i":2220,"n":"伊金霍洛旗"}]},{"i":268,"n":"呼伦贝尔市","areas":[{"i":2221,"n":"海拉尔区"},{"i":2222,"n":"阿荣旗"},{"i":2223,"n":"莫力达瓦达斡尔族自治旗"},{"i":2224,"n":"鄂伦春自治旗"},{"i":2225,"n":"鄂温克族自治旗"},{"i":2226,"n":"陈巴尔虎旗"},{"i":2227,"n":"新巴尔虎左旗"},{"i":2228,"n":"新巴尔虎右旗"},{"i":2229,"n":"满洲里市"},{"i":2230,"n":"牙克石市"},{"i":2231,"n":"扎兰屯市"},{"i":2232,"n":"额尔古纳市"},{"i":2233,"n":"根河市"}]},{"i":269,"n":"巴彦淖尔市","areas":[{"i":2234,"n":"临河区"},{"i":2235,"n":"五原县"},{"i":2236,"n":"磴口县"},{"i":2237,"n":"乌拉特前旗"},{"i":2238,"n":"乌拉特中旗"},{"i":2239,"n":"乌拉特后旗"},{"i":2240,"n":"杭锦后旗"}]},{"i":270,"n":"乌兰察布市","areas":[{"i":2241,"n":"集宁区"},{"i":2242,"n":"卓资县"},{"i":2243,"n":"化德县"},{"i":2244,"n":"商都县"},{"i":2245,"n":"兴和县"},{"i":2246,"n":"凉城县"},{"i":2247,"n":"察哈尔右翼前旗"},{"i":2248,"n":"察哈尔右翼中旗"},{"i":2249,"n":"察哈尔右翼后旗"},{"i":2250,"n":"四子王旗"},{"i":2251,"n":"丰镇市"}]},{"i":271,"n":"兴安盟","areas":[{"i":2252,"n":"乌兰浩特市"},{"i":2253,"n":"阿尔山市"},{"i":2254,"n":"科尔沁右翼前旗"},{"i":2255,"n":"科尔沁右翼中旗"},{"i":2256,"n":"扎赉特旗"},{"i":2257,"n":"突泉县"}]},{"i":272,"n":"锡林郭勒盟","areas":[{"i":2258,"n":"二连浩特市"},{"i":2259,"n":"锡林浩特市"},{"i":2260,"n":"阿巴嘎旗"},{"i":2261,"n":"苏尼特左旗"},{"i":2262,"n":"苏尼特右旗"},{"i":2263,"n":"东乌珠穆沁旗"},{"i":2264,"n":"西乌珠穆沁旗"},{"i":2265,"n":"太仆寺旗"},{"i":2266,"n":"镶黄旗"},{"i":2267,"n":"正镶白旗"},{"i":2268,"n":"正蓝旗"},{"i":2269,"n":"多伦县"}]},{"i":273,"n":"阿拉善盟","areas":[{"i":2270,"n":"阿拉善左旗"},{"i":2271,"n":"阿拉善右旗"},{"i":2272,"n":"额济纳旗"}]}]},{"i":24,"n":"宁夏","cities":[{"i":274,"n":"银川市","areas":[{"i":2273,"n":"兴庆区"},{"i":2274,"n":"西夏区"},{"i":2275,"n":"金凤区"},{"i":2276,"n":"永宁县"},{"i":2277,"n":"贺兰县"},{"i":2278,"n":"灵武市"}]},{"i":275,"n":"石嘴山市","areas":[{"i":2279,"n":"大武口区"},{"i":2280,"n":"惠农区"},{"i":2281,"n":"平罗县"}]},{"i":276,"n":"吴忠市","areas":[{"i":2282,"n":"利通区"},{"i":2283,"n":"盐池县"},{"i":2284,"n":"同心县"},{"i":2285,"n":"青铜峡市"},{"i":2896,"n":"红寺堡区"}]},{"i":277,"n":"固原市","areas":[{"i":2286,"n":"原州区"},{"i":2287,"n":"西吉县"},{"i":2288,"n":"隆德县"},{"i":2289,"n":"泾源县"},{"i":2290,"n":"彭阳县"}]},{"i":278,"n":"中卫市","areas":[{"i":2291,"n":"沙坡头区"},{"i":2292,"n":"中宁县"},{"i":2293,"n":"海原县"}]}]},{"i":25,"n":"甘肃","cities":[{"i":279,"n":"兰州市","areas":[{"i":2294,"n":"城关区"},{"i":2295,"n":"七里河区"},{"i":2296,"n":"西固区"},{"i":2297,"n":"安宁区"},{"i":2298,"n":"红古区"},{"i":2299,"n":"永登县"},{"i":2300,"n":"皋兰县"},{"i":2301,"n":"榆中县"}]},{"i":280,"n":"嘉峪关市","areas":[{"i":2302,"n":"嘉峪关市"}]},{"i":281,"n":"金昌市","areas":[{"i":2303,"n":"金川区"},{"i":2304,"n":"永昌县"}]},{"i":282,"n":"白银市","areas":[{"i":2305,"n":"白银区"},{"i":2306,"n":"平川区"},{"i":2307,"n":"靖远县"},{"i":2308,"n":"会宁县"},{"i":2309,"n":"景泰县"}]},{"i":283,"n":"天水市","areas":[{"i":2310,"n":"秦州区"},{"i":2311,"n":"麦积区"},{"i":2312,"n":"清水县"},{"i":2313,"n":"秦安县"},{"i":2314,"n":"甘谷县"},{"i":2315,"n":"武山县"},{"i":2316,"n":"张家川回族自治县"}]},{"i":284,"n":"武威市","areas":[{"i":2317,"n":"凉州区"},{"i":2318,"n":"民勤县"},{"i":2319,"n":"古浪县"},{"i":2320,"n":"天祝藏族自治县"}]},{"i":285,"n":"张掖市","areas":[{"i":2321,"n":"甘州区"},{"i":2322,"n":"肃南裕固族自治县"},{"i":2323,"n":"民乐县"},{"i":2324,"n":"临泽县"},{"i":2325,"n":"高台县"},{"i":2326,"n":"山丹县"}]},{"i":286,"n":"平凉市","areas":[{"i":2327,"n":"崆峒区"},{"i":2328,"n":"泾川县"},{"i":2329,"n":"灵台县"},{"i":2330,"n":"崇信县"},{"i":2331,"n":"华亭县"},{"i":2332,"n":"庄浪县"},{"i":2333,"n":"静宁县"}]},{"i":287,"n":"酒泉市","areas":[{"i":2334,"n":"肃州区"},{"i":2335,"n":"金塔县"},{"i":2336,"n":"瓜州县"},{"i":2337,"n":"肃北蒙古族自治县"},{"i":2338,"n":"阿克塞哈萨克族自治县"},{"i":2339,"n":"玉门市"},{"i":2340,"n":"敦煌市"}]},{"i":288,"n":"庆阳市","areas":[{"i":2341,"n":"西峰区"},{"i":2342,"n":"庆城县"},{"i":2343,"n":"环县"},{"i":2344,"n":"华池县"},{"i":2345,"n":"合水县"},{"i":2346,"n":"正宁县"},{"i":2347,"n":"宁县"},{"i":2348,"n":"镇原县"}]},{"i":289,"n":"定西市","areas":[{"i":2349,"n":"安定区"},{"i":2350,"n":"通渭县"},{"i":2351,"n":"陇西县"},{"i":2352,"n":"渭源县"},{"i":2353,"n":"临洮县"},{"i":2354,"n":"漳县"},{"i":2355,"n":"岷县"}]},{"i":290,"n":"陇南市","areas":[{"i":2356,"n":"武都区"},{"i":2357,"n":"成县"},{"i":2358,"n":"文县"},{"i":2359,"n":"宕昌县"},{"i":2360,"n":"康县"},{"i":2361,"n":"西和县"},{"i":2362,"n":"礼县"},{"i":2363,"n":"徽县"},{"i":2364,"n":"两当县"}]},{"i":291,"n":"临夏回族自治州","areas":[{"i":2365,"n":"临夏市"},{"i":2366,"n":"临夏县"},{"i":2367,"n":"康乐县"},{"i":2368,"n":"永靖县"},{"i":2369,"n":"广河县"},{"i":2370,"n":"和政县"},{"i":2371,"n":"东乡族自治县"},{"i":2372,"n":"积石山保安族东乡族撒拉族自治县"}]},{"i":292,"n":"甘南藏族自治州","areas":[{"i":2373,"n":"合作市"},{"i":2374,"n":"临潭县"},{"i":2375,"n":"卓尼县"},{"i":2376,"n":"舟曲县"},{"i":2377,"n":"迭部县"},{"i":2378,"n":"玛曲县"},{"i":2379,"n":"碌曲县"},{"i":2380,"n":"夏河县"}]}]},{"i":26,"n":"青海","cities":[{"i":293,"n":"西宁市","areas":[{"i":2381,"n":"城东区"},{"i":2382,"n":"城中区"},{"i":2383,"n":"城西区"},{"i":2384,"n":"城北区"},{"i":2385,"n":"大通回族土族自治县"},{"i":2386,"n":"湟中县"},{"i":2387,"n":"湟源县"}]},{"i":294,"n":"海东地区","areas":[{"i":2388,"n":"平安县"},{"i":2389,"n":"民和回族土族自治县"},{"i":2390,"n":"乐都县"},{"i":2391,"n":"互助土族自治县"},{"i":2392,"n":"化隆回族自治县"},{"i":2393,"n":"循化撒拉族自治县"}]},{"i":295,"n":"海北藏族自治州","areas":[{"i":2394,"n":"门源回族自治县"},{"i":2395,"n":"祁连县"},{"i":2396,"n":"海晏县"},{"i":2397,"n":"刚察县"}]},{"i":296,"n":"黄南藏族自治州","areas":[{"i":2398,"n":"同仁县"},{"i":2399,"n":"尖扎县"},{"i":2400,"n":"泽库县"},{"i":2401,"n":"河南蒙古族自治县"}]},{"i":297,"n":"海南藏族自治州","areas":[{"i":2402,"n":"共和县"},{"i":2403,"n":"同德县"},{"i":2404,"n":"贵德县"},{"i":2405,"n":"兴海县"},{"i":2406,"n":"贵南县"}]},{"i":298,"n":"果洛藏族自治州","areas":[{"i":2407,"n":"玛沁县"},{"i":2408,"n":"班玛县"},{"i":2409,"n":"甘德县"},{"i":2410,"n":"达日县"},{"i":2411,"n":"久治县"},{"i":2412,"n":"玛多县"}]},{"i":299,"n":"玉树藏族自治州","areas":[{"i":2413,"n":"玉树县"},{"i":2414,"n":"杂多县"},{"i":2415,"n":"称多县"},{"i":2416,"n":"治多县"},{"i":2417,"n":"囊谦县"},{"i":2418,"n":"曲麻莱县"}]},{"i":300,"n":"海西蒙古族藏族自治州","areas":[{"i":2419,"n":"格尔木市"},{"i":2420,"n":"德令哈市"},{"i":2421,"n":"乌兰县"},{"i":2422,"n":"都兰县"},{"i":2423,"n":"天峻县"}]}]},{"i":27,"n":"西藏","cities":[{"i":301,"n":"拉萨市","areas":[{"i":2424,"n":"城关区"},{"i":2425,"n":"林周县"},{"i":2426,"n":"当雄县"},{"i":2427,"n":"尼木县"},{"i":2428,"n":"曲水县"},{"i":2429,"n":"堆龙德庆县"},{"i":2430,"n":"达孜县"},{"i":2431,"n":"墨竹工卡县"}]},{"i":302,"n":"昌都地区","areas":[{"i":2432,"n":"昌都县"},{"i":2433,"n":"江达县"},{"i":2434,"n":"贡觉县"},{"i":2435,"n":"类乌齐县"},{"i":2436,"n":"丁青县"},{"i":2437,"n":"察雅县"},{"i":2438,"n":"八宿县"},{"i":2439,"n":"左贡县"},{"i":2440,"n":"芒康县"},{"i":2441,"n":"洛隆县"},{"i":2442,"n":"边坝县"}]},{"i":303,"n":"山南地区","areas":[{"i":2443,"n":"乃东县"},{"i":2444,"n":"扎囊县"},{"i":2445,"n":"贡嘎县"},{"i":2446,"n":"桑日县"},{"i":2447,"n":"琼结县"},{"i":2448,"n":"曲松县"},{"i":2449,"n":"措美县"},{"i":2450,"n":"洛扎县"},{"i":2451,"n":"加查县"},{"i":2452,"n":"隆子县"},{"i":2453,"n":"错那县"},{"i":2454,"n":"浪卡子县"}]},{"i":304,"n":"日喀则地区","areas":[{"i":2455,"n":"日喀则市"},{"i":2456,"n":"南木林县"},{"i":2457,"n":"江孜县"},{"i":2458,"n":"定日县"},{"i":2459,"n":"萨迦县"},{"i":2460,"n":"拉孜县"},{"i":2461,"n":"昂仁县"},{"i":2462,"n":"谢通门县"},{"i":2463,"n":"白朗县"},{"i":2464,"n":"仁布县"},{"i":2465,"n":"康马县"},{"i":2466,"n":"定结县"},{"i":2467,"n":"仲巴县"},{"i":2468,"n":"亚东县"},{"i":2469,"n":"吉隆县"},{"i":2470,"n":"聂拉木县"},{"i":2471,"n":"萨嘎县"},{"i":2472,"n":"岗巴县"}]},{"i":305,"n":"那曲地区","areas":[{"i":2473,"n":"那曲县"},{"i":2474,"n":"嘉黎县"},{"i":2475,"n":"比如县"},{"i":2476,"n":"聂荣县"},{"i":2477,"n":"安多县"},{"i":2478,"n":"申扎县"},{"i":2479,"n":"索县"},{"i":2480,"n":"班戈县"},{"i":2481,"n":"巴青县"},{"i":2482,"n":"尼玛县"}]},{"i":306,"n":"阿里地区","areas":[{"i":2483,"n":"普兰县"},{"i":2484,"n":"札达县"},{"i":2485,"n":"噶尔县"},{"i":2486,"n":"日土县"},{"i":2487,"n":"革吉县"},{"i":2488,"n":"改则县"},{"i":2489,"n":"措勤县"}]},{"i":307,"n":"林芝地区","areas":[{"i":2490,"n":"林芝县"},{"i":2491,"n":"工布江达县"},{"i":2492,"n":"米林县"},{"i":2493,"n":"墨脱县"},{"i":2494,"n":"波密县"},{"i":2495,"n":"察隅县"},{"i":2496,"n":"朗县"}]}]},{"i":28,"n":"新疆","cities":[{"i":308,"n":"乌鲁木齐市","areas":[{"i":2497,"n":"天山区"},{"i":2498,"n":"沙依巴克区"},{"i":2499,"n":"新市区"},{"i":2500,"n":"水磨沟区"},{"i":2501,"n":"头屯河区"},{"i":2502,"n":"达坂城区"},{"i":2503,"n":"米东区"},{"i":2504,"n":"乌鲁木齐县"},{"i":2505,"n":"兵团"}]},{"i":309,"n":"克拉玛依市","areas":[{"i":2506,"n":"独山子区"},{"i":2507,"n":"克拉玛依区"},{"i":2508,"n":"白碱滩区"},{"i":2509,"n":"乌尔禾区"},{"i":2510,"n":"兵团"}]},{"i":310,"n":"吐鲁番地区","areas":[{"i":2511,"n":"吐鲁番市"},{"i":2512,"n":"鄯善县"},{"i":2513,"n":"托克逊县"},{"i":2514,"n":"兵团"}]},{"i":311,"n":"哈密地区","areas":[{"i":2515,"n":"哈密市"},{"i":2516,"n":"巴里坤哈萨克自治县"},{"i":2517,"n":"伊吾县"},{"i":2518,"n":"兵团"}]},{"i":312,"n":"昌吉回族自治州","areas":[{"i":2519,"n":"昌吉市"},{"i":2520,"n":"阜康市"},{"i":2521,"n":"米泉市"},{"i":2522,"n":"呼图壁县"},{"i":2523,"n":"玛纳斯县"},{"i":2524,"n":"奇台县"},{"i":2525,"n":"吉木萨尔县"},{"i":2526,"n":"木垒哈萨克自治县"},{"i":2527,"n":"兵团"}]},{"i":313,"n":"博尔塔拉蒙古自治州","areas":[{"i":2528,"n":"博乐市"},{"i":2529,"n":"精河县"},{"i":2530,"n":"温泉县"},{"i":2531,"n":"兵团"}]},{"i":314,"n":"巴音郭楞蒙古自治州","areas":[{"i":2532,"n":"库尔勒市"},{"i":2533,"n":"轮台县"},{"i":2534,"n":"尉犁县"},{"i":2535,"n":"若羌县"},{"i":2536,"n":"且末县"},{"i":2537,"n":"焉耆回族自治县"},{"i":2538,"n":"和静县"},{"i":2539,"n":"和硕县"},{"i":2540,"n":"博湖县"},{"i":2541,"n":"兵团"}]},{"i":315,"n":"阿克苏地区","areas":[{"i":2542,"n":"阿克苏市"},{"i":2543,"n":"温宿县"},{"i":2544,"n":"库车县"},{"i":2545,"n":"沙雅县"},{"i":2546,"n":"新和县"},{"i":2547,"n":"拜城县"},{"i":2548,"n":"乌什县"},{"i":2549,"n":"阿瓦提县"},{"i":2550,"n":"柯坪县"},{"i":2551,"n":"兵团"}]},{"i":316,"n":"克孜勒苏柯尔克孜自治州","areas":[{"i":2552,"n":"阿图什市"},{"i":2553,"n":"阿克陶县"},{"i":2554,"n":"阿合奇县"},{"i":2555,"n":"乌恰县"},{"i":2556,"n":"兵团"}]},{"i":317,"n":"喀什地区","areas":[{"i":2557,"n":"喀什市"},{"i":2558,"n":"疏附县"},{"i":2559,"n":"疏勒县"},{"i":2560,"n":"英吉沙县"},{"i":2561,"n":"泽普县"},{"i":2562,"n":"莎车县"},{"i":2563,"n":"叶城县"},{"i":2564,"n":"麦盖提县"},{"i":2565,"n":"岳普湖县"},{"i":2566,"n":"伽师县"},{"i":2567,"n":"巴楚县"},{"i":2568,"n":"塔什库尔干塔吉克自治县"},{"i":2569,"n":"兵团"}]},{"i":318,"n":"和田地区","areas":[{"i":2570,"n":"和田市"},{"i":2571,"n":"和田县"},{"i":2572,"n":"墨玉县"},{"i":2573,"n":"皮山县"},{"i":2574,"n":"洛浦县"},{"i":2575,"n":"策勒县"},{"i":2576,"n":"于田县"},{"i":2577,"n":"民丰县"},{"i":2578,"n":"兵团"}]},{"i":319,"n":"伊犁哈萨克自治州","areas":[{"i":2579,"n":"伊宁市"},{"i":2580,"n":"奎屯市"},{"i":2581,"n":"伊宁县"},{"i":2582,"n":"察布查尔锡伯自治县"},{"i":2583,"n":"霍城县"},{"i":2584,"n":"巩留县"},{"i":2585,"n":"新源县"},{"i":2586,"n":"昭苏县"},{"i":2587,"n":"特克斯县"},{"i":2588,"n":"尼勒克县"}]},{"i":320,"n":"塔城地区","areas":[{"i":2589,"n":"塔城市"},{"i":2590,"n":"乌苏市"},{"i":2591,"n":"额敏县"},{"i":2592,"n":"沙湾县"},{"i":2593,"n":"托里县"},{"i":2594,"n":"裕民县"},{"i":2595,"n":"和布克赛尔蒙古自治县"},{"i":2596,"n":"兵团"}]},{"i":321,"n":"阿勒泰地区","areas":[{"i":2597,"n":"阿勒泰市"},{"i":2598,"n":"布尔津县"},{"i":2599,"n":"富蕴县"},{"i":2600,"n":"福海县"},{"i":2601,"n":"哈巴河县"},{"i":2602,"n":"青河县"},{"i":2603,"n":"吉木乃县"},{"i":2604,"n":"兵团"}]},{"i":322,"n":"石河子市","areas":[{"i":2605,"n":"石河子市"}]},{"i":323,"n":"阿拉尔市","areas":[{"i":2606,"n":"阿拉尔市"}]},{"i":324,"n":"图木舒克市","areas":[{"i":2607,"n":"图木舒克市"}]},{"i":325,"n":"五家渠市","areas":[{"i":2608,"n":"五家渠市"}]}]},{"i":29,"n":"安徽","cities":[{"i":326,"n":"合肥市","areas":[{"i":2609,"n":"瑶海区"},{"i":2610,"n":"庐阳区"},{"i":2611,"n":"蜀山区"},{"i":2612,"n":"包河区"},{"i":2613,"n":"长丰县"},{"i":2614,"n":"肥东县"},{"i":2615,"n":"肥西县"}]},{"i":327,"n":"芜湖市","areas":[{"i":2616,"n":"镜湖区"},{"i":2617,"n":"弋江区"},{"i":2618,"n":"鸠江区"},{"i":2619,"n":"三山区"},{"i":2620,"n":"芜湖县"},{"i":2621,"n":"繁昌县"},{"i":2622,"n":"南陵县"}]},{"i":328,"n":"蚌埠市","areas":[{"i":2623,"n":"龙子湖区"},{"i":2624,"n":"蚌山区"},{"i":2625,"n":"禹会区"},{"i":2626,"n":"淮上区"},{"i":2627,"n":"怀远县"},{"i":2628,"n":"五河县"},{"i":2629,"n":"固镇县"}]},{"i":329,"n":"淮南市","areas":[{"i":2630,"n":"大通区"},{"i":2631,"n":"田家庵区"},{"i":2632,"n":"谢家集区"},{"i":2633,"n":"八公山区"},{"i":2634,"n":"潘集区"},{"i":2635,"n":"凤台县"}]},{"i":330,"n":"马鞍山市","areas":[{"i":2636,"n":"金家庄区"},{"i":2637,"n":"花山区"},{"i":2638,"n":"雨山区"},{"i":2639,"n":"当涂县"}]},{"i":331,"n":"淮北市","areas":[{"i":2640,"n":"杜集区"},{"i":2641,"n":"相山区"},{"i":2642,"n":"烈山区"},{"i":2643,"n":"濉溪县"}]},{"i":332,"n":"铜陵市","areas":[{"i":2644,"n":"铜官山区"},{"i":2645,"n":"狮子山区"},{"i":2646,"n":"郊区"},{"i":2647,"n":"铜陵县"}]},{"i":333,"n":"安庆市","areas":[{"i":2648,"n":"迎江区"},{"i":2649,"n":"大观区"},{"i":2650,"n":"宜秀区"},{"i":2651,"n":"怀宁县"},{"i":2652,"n":"枞阳县"},{"i":2653,"n":"潜山县"},{"i":2654,"n":"太湖县"},{"i":2655,"n":"宿松县"},{"i":2656,"n":"望江县"},{"i":2657,"n":"岳西县"},{"i":2658,"n":"桐城市"}]},{"i":334,"n":"黄山市","areas":[{"i":2659,"n":"屯溪区"},{"i":2660,"n":"黄山区"},{"i":2661,"n":"徽州区"},{"i":2662,"n":"歙县"},{"i":2663,"n":"休宁县"},{"i":2664,"n":"黟县"},{"i":2665,"n":"祁门县"}]},{"i":335,"n":"滁州市","areas":[{"i":2666,"n":"琅琊区"},{"i":2667,"n":"南谯区"},{"i":2668,"n":"来安县"},{"i":2669,"n":"全椒县"},{"i":2670,"n":"定远县"},{"i":2671,"n":"凤阳县"},{"i":2672,"n":"天长市"},{"i":2673,"n":"明光市"}]},{"i":336,"n":"阜阳市","areas":[{"i":2674,"n":"颍州区"},{"i":2675,"n":"颍东区"},{"i":2676,"n":"颍泉区"},{"i":2677,"n":"临泉县"},{"i":2678,"n":"太和县"},{"i":2679,"n":"阜南县"},{"i":2680,"n":"颍上县"},{"i":2681,"n":"界首市"}]},{"i":337,"n":"宿州市","areas":[{"i":2682,"n":"埇桥区"},{"i":2683,"n":"砀山县"},{"i":2684,"n":"萧县"},{"i":2685,"n":"灵璧县"},{"i":2686,"n":"泗县"}]},{"i":338,"n":"巢湖市","areas":[{"i":2687,"n":"居巢区"},{"i":2688,"n":"庐江县"},{"i":2689,"n":"无为县"},{"i":2690,"n":"含山县"},{"i":2691,"n":"和县"}]},{"i":339,"n":"六安市","areas":[{"i":2692,"n":"金安区"},{"i":2693,"n":"裕安区"},{"i":2694,"n":"寿县"},{"i":2695,"n":"霍邱县"},{"i":2696,"n":"舒城县"},{"i":2697,"n":"金寨县"},{"i":2698,"n":"霍山县"}]},{"i":340,"n":"亳州市","areas":[{"i":2699,"n":"谯城区"},{"i":2700,"n":"涡阳县"},{"i":2701,"n":"蒙城县"},{"i":2702,"n":"利辛县"}]},{"i":341,"n":"池州市","areas":[{"i":2703,"n":"贵池区"},{"i":2704,"n":"东至县"},{"i":2705,"n":"石台县"},{"i":2706,"n":"青阳县"}]},{"i":342,"n":"宣城市","areas":[{"i":2707,"n":"宣州区"},{"i":2708,"n":"郎溪县"},{"i":2709,"n":"广德县"},{"i":2710,"n":"泾县"},{"i":2711,"n":"绩溪县"},{"i":2712,"n":"旌德县"},{"i":2713,"n":"宁国市"}]}]},{"i":30,"n":"浙江","cities":[{"i":343,"n":"杭州市","areas":[{"i":2714,"n":"上城区"},{"i":2715,"n":"下城区"},{"i":2716,"n":"江干区"},{"i":2717,"n":"拱墅区"},{"i":2718,"n":"西湖区"},{"i":2719,"n":"滨江区"},{"i":2720,"n":"萧山区"},{"i":2721,"n":"余杭区"},{"i":2722,"n":"桐庐县"},{"i":2723,"n":"淳安县"},{"i":2724,"n":"建德市"},{"i":2725,"n":"富阳市"},{"i":2726,"n":"临安市"}]},{"i":344,"n":"宁波市","areas":[{"i":2727,"n":"海曙区"},{"i":2728,"n":"江东区"},{"i":2729,"n":"江北区"},{"i":2730,"n":"北仑区"},{"i":2731,"n":"镇海区"},{"i":2732,"n":"鄞州区"},{"i":2733,"n":"象山县"},{"i":2734,"n":"宁海县"},{"i":2735,"n":"余姚市"},{"i":2736,"n":"慈溪市"},{"i":2737,"n":"奉化市"}]},{"i":345,"n":"温州市","areas":[{"i":2738,"n":"鹿城区"},{"i":2739,"n":"龙湾区"},{"i":2740,"n":"瓯海区"},{"i":2741,"n":"洞头县"},{"i":2742,"n":"永嘉县"},{"i":2743,"n":"平阳县"},{"i":2744,"n":"苍南县"},{"i":2745,"n":"文成县"},{"i":2746,"n":"泰顺县"},{"i":2747,"n":"瑞安市"},{"i":2748,"n":"乐清市"}]},{"i":346,"n":"嘉兴市","areas":[{"i":2749,"n":"秀洲区"},{"i":2750,"n":"嘉善县"},{"i":2751,"n":"海盐县"},{"i":2752,"n":"海宁市"},{"i":2753,"n":"平湖市"},{"i":2754,"n":"桐乡市"},{"i":2755,"n":"南湖区"}]},{"i":347,"n":"湖州市","areas":[{"i":2756,"n":"吴兴区"},{"i":2757,"n":"南浔区"},{"i":2758,"n":"德清县"},{"i":2759,"n":"长兴县"},{"i":2760,"n":"安吉县"}]},{"i":348,"n":"绍兴市","areas":[{"i":2761,"n":"越城区"},{"i":2762,"n":"绍兴县"},{"i":2763,"n":"新昌县"},{"i":2764,"n":"诸暨市"},{"i":2765,"n":"上虞市"},{"i":2766,"n":"嵊州市"}]},{"i":349,"n":"金华市","areas":[{"i":2767,"n":"婺城区"},{"i":2768,"n":"金东区"},{"i":2769,"n":"武义县"},{"i":2770,"n":"浦江县"},{"i":2771,"n":"磐安县"},{"i":2772,"n":"兰溪市"},{"i":2773,"n":"义乌市"},{"i":2774,"n":"东阳市"},{"i":2775,"n":"永康市"}]},{"i":350,"n":"衢州市","areas":[{"i":2776,"n":"柯城区"},{"i":2777,"n":"衢江区"},{"i":2778,"n":"常山县"},{"i":2779,"n":"开化县"},{"i":2780,"n":"龙游县"},{"i":2781,"n":"江山市"}]},{"i":351,"n":"舟山市","areas":[{"i":2782,"n":"定海区"},{"i":2783,"n":"普陀区"},{"i":2784,"n":"岱山县"},{"i":2785,"n":"嵊泗县"}]},{"i":352,"n":"台州市","areas":[{"i":2786,"n":"椒江区"},{"i":2787,"n":"黄岩区"},{"i":2788,"n":"路桥区"},{"i":2789,"n":"玉环县"},{"i":2790,"n":"三门县"},{"i":2791,"n":"天台县"},{"i":2792,"n":"仙居县"},{"i":2793,"n":"温岭市"},{"i":2794,"n":"临海市"}]},{"i":353,"n":"丽水市","areas":[{"i":2795,"n":"莲都区"},{"i":2796,"n":"青田县"},{"i":2797,"n":"缙云县"},{"i":2798,"n":"遂昌县"},{"i":2799,"n":"松阳县"},{"i":2800,"n":"云和县"},{"i":2801,"n":"庆元县"},{"i":2802,"n":"景宁畲族自治县"},{"i":2803,"n":"龙泉市"}]}]},{"i":31,"n":"福建","cities":[{"i":354,"n":"福州市","areas":[{"i":2804,"n":"鼓楼区"},{"i":2805,"n":"台江区"},{"i":2806,"n":"仓山区"},{"i":2807,"n":"马尾区"},{"i":2808,"n":"晋安区"},{"i":2809,"n":"闽侯县"},{"i":2810,"n":"连江县"},{"i":2811,"n":"罗源县"},{"i":2812,"n":"闽清县"},{"i":2813,"n":"永泰县"},{"i":2814,"n":"平潭县"},{"i":2815,"n":"福清市"},{"i":2816,"n":"长乐市"}]},{"i":355,"n":"厦门市","areas":[{"i":2817,"n":"思明区"},{"i":2818,"n":"海沧区"},{"i":2819,"n":"湖里区"},{"i":2820,"n":"集美区"},{"i":2821,"n":"同安区"},{"i":2822,"n":"翔安区"}]},{"i":356,"n":"莆田市","areas":[{"i":2823,"n":"城厢区"},{"i":2824,"n":"涵江区"},{"i":2825,"n":"荔城区"},{"i":2826,"n":"秀屿区"},{"i":2827,"n":"仙游县"}]},{"i":357,"n":"三明市","areas":[{"i":2828,"n":"梅列区"},{"i":2829,"n":"三元区"},{"i":2830,"n":"明溪县"},{"i":2831,"n":"清流县"},{"i":2832,"n":"宁化县"},{"i":2833,"n":"大田县"},{"i":2834,"n":"尤溪县"},{"i":2835,"n":"沙县"},{"i":2836,"n":"将乐县"},{"i":2837,"n":"泰宁县"},{"i":2838,"n":"建宁县"},{"i":2839,"n":"永安市"}]},{"i":358,"n":"泉州市","areas":[{"i":2840,"n":"鲤城区"},{"i":2841,"n":"丰泽区"},{"i":2842,"n":"洛江区"},{"i":2843,"n":"泉港区"},{"i":2844,"n":"惠安县"},{"i":2845,"n":"安溪县"},{"i":2846,"n":"永春县"},{"i":2847,"n":"德化县"},{"i":2848,"n":"金门县"},{"i":2849,"n":"石狮市"},{"i":2850,"n":"晋江市"},{"i":2851,"n":"南安市"}]},{"i":359,"n":"漳州市","areas":[{"i":2852,"n":"芗城区"},{"i":2853,"n":"龙文区"},{"i":2854,"n":"云霄县"},{"i":2855,"n":"漳浦县"},{"i":2856,"n":"诏安县"},{"i":2857,"n":"长泰县"},{"i":2858,"n":"东山县"},{"i":2859,"n":"南靖县"},{"i":2860,"n":"平和县"},{"i":2861,"n":"华安县"},{"i":2862,"n":"龙海市"}]},{"i":360,"n":"南平市","areas":[{"i":2863,"n":"延平区"},{"i":2864,"n":"顺昌县"},{"i":2865,"n":"浦城县"},{"i":2866,"n":"光泽县"},{"i":2867,"n":"松溪县"},{"i":2868,"n":"政和县"},{"i":2869,"n":"邵武市"},{"i":2870,"n":"武夷山市"},{"i":2871,"n":"建瓯市"},{"i":2872,"n":"建阳市"}]},{"i":361,"n":"龙岩市","areas":[{"i":2873,"n":"新罗区"},{"i":2874,"n":"长汀县"},{"i":2875,"n":"永定县"},{"i":2876,"n":"上杭县"},{"i":2877,"n":"武平县"},{"i":2878,"n":"连城县"},{"i":2879,"n":"漳平市"}]},{"i":362,"n":"宁德市","areas":[{"i":2880,"n":"蕉城区"},{"i":2881,"n":"霞浦县"},{"i":2882,"n":"古田县"},{"i":2883,"n":"屏南县"},{"i":2884,"n":"寿宁县"},{"i":2885,"n":"周宁县"},{"i":2886,"n":"柘荣县"},{"i":2887,"n":"福安市"},{"i":2888,"n":"福鼎市"}]}]},{"i":32,"n":"台湾","cities":[{"i":363,"n":"嘉义市","areas":[{"i":2889,"n":"嘉义市"}]},{"i":364,"n":"新竹市","areas":[{"i":2890,"n":"新竹市"}]},{"i":365,"n":"台南市","areas":[{"i":2891,"n":"台南市"}]},{"i":366,"n":"台中市","areas":[{"i":2892,"n":"台中市"}]},{"i":367,"n":"高雄市","areas":[{"i":2893,"n":"高雄市"}]},{"i":368,"n":"台北市","areas":[{"i":2894,"n":"台北市"}]},{"i":369,"n":"基隆市","areas":[{"i":2895,"n":"基隆市"}]}]}]}
z合理是谁新家的
