[
  {
    "id": 1,
    "name": "小学",
    "Course": [
      {
        "id": 2,
        "name": "数学"
      },
      {
        "id": 1,
        "name": "语文"
      },
      {
        "id": 3,
        "name": "英语"
      }
    ]
  },
  {
    "id": 20,
    "name": "初中",
    "Course": [
      {
        "id": 2,
        "name": "数学"
      },
      {
        "id": 1,
        "name": "语文"
      },
      {
        "id": 3,
        "name": "英语"
      },
      {
        "id": 4,
        "name": "物理"
      },
      {
        "id": 5,
        "name": "化学"
      },
      {
        "id": 6,
        "name": "生物"
      }
    ]
  },

  {
    "id": 30,
    "name": "高中",
    "Course": [
      {
        "id": 2,
        "name": "数学"
      },
      {
        "id": 1,
        "name": "语文"
      },
      {
        "id": 3,
        "name": "英语"
      },
      {
        "id": 4,
        "name": "物理"
      },
      {
        "id": 5,
        "name": "化学"
      },
      {
        "id": 6,
        "name": "生物"
      }
    ]
  }
]